lower,upper,kind,wavelength_vac_nm,wavelength_air_nm,frequency_THz,frequency_source,wavenumber_cm,rme_J_ea0,rme_tier,rme_source,A_s,A_tier,branching,upper_linewidth_MHz,nist_observed_vac_nm,use,type
4s2 1S0,4s6p 1P°1,E1,239.9289,239.8559,1249.50523,NIST ASD level energies,41679.008,0.5844,nist,NIST ASD (accuracy C+) (from A),16700000.0,nist,0.344,7.726,239.929,,E1
4s2 1S0,3d4p 3P°1,E1,254.2244,254.1481,1179.24329,NIST ASD level energies,39335.322,0.02034,nist,NIST ASD (accuracy D) (from A),17000.0,nist,,,,,E1 (intercombination)
4s2 1S0,3d4p 3D°1,E1,261.8323,261.7541,1144.97911,NIST ASD level energies,38192.392,0.02062,nist,NIST ASD (accuracy D) (from A),16000.0,nist,,,,,E1 (intercombination)
4s2 1S0,4s4d 1D2,forbidden,268.1088,268.0292,1118.17451,NIST ASD level energies,37298.287,,,,,,,2.526,,"two-photon transition (2 x 536 nm), isotope shifts measured by resonance ionization",E2 / M1
4s2 1S0,4s5p 1P°1,E1,272.245,272.1644,1101.18611,NIST ASD level energies,36731.615,0.08982,nist,NIST ASD (accuracy D) (from A),270000.0,nist,,,272.246,"272.16 nm line; first step of the alternative photoionization scheme (272 nm, Aarhus)",E1
4s4p 3P°0,4s6s 3S1,E1,395.0018,394.89,758.96478,NIST ASD level energies,25316.34,0.5521,nist,NIST ASD (accuracy C) (from A),3340000.0,nist,0.1059,5.021,395.002,,E1
4s4p 3P°1,4s6s 3S1,E1,395.8174,395.7054,757.401,NIST ASD level energies,25264.178,0.9486,nist,NIST ASD (accuracy C) (from A),9800000.0,nist,0.3107,5.021,395.817,,E1
4s4p 3P°2,4s6s 3S1,E1,397.4832,397.3708,754.2268,NIST ASD level energies,25158.298,1.276,nist,NIST ASD (accuracy C) (from A),17500000.0,nist,0.5548,5.021,397.483,,E1
4s2 1S0,4s4p 1P°1,E1,422.7918,422.6728,709.07824,NIST ASD level energies,23652.304,4.939,exp,"compiled in Table I of Bucay, Helal, Raizen, 'Surface ionization of metastable calcium atoms', AIP Advances 11, 015020 (2021) (attributed there to Beverini et al. 1989) (from A)",218000000.0,exp,1.0,34.31,422.792,"422.67 nm (air) resonance line: main cooling / imaging line, first step of isotope-selective photoionization",E1
4s4p 3P°1,4p2 3P2,E1,428.4216,428.3011,699.76042,NIST ASD level energies,23341.495,2.902,nist,NIST ASD (accuracy C+) (from A),43400000.0,nist,0.2456,28.12,428.422,,E1
4s4p 3P°0,4p2 3P1,E1,429.0574,428.9367,698.72349,NIST ASD level energies,23306.907,2.649,nist,NIST ASD (accuracy C+) (from A),60000000.0,nist,0.3378,28.27,429.057,,E1
4s4p 3P°1,4p2 3P1,E1,430.0198,429.8988,697.15972,NIST ASD level energies,23254.745,2.342,nist,NIST ASD (accuracy C+) (from A),46600000.0,nist,0.2624,28.27,430.02,,E1
4s4p 3P°2,4p2 3P2,E1,430.3738,430.2528,696.58621,NIST ASD level energies,23235.615,5.172,nist,NIST ASD (accuracy C+) (from A),136000000.0,nist,0.7698,28.12,430.374,430.252 nm (air) optical pumping / detection of metastable 3P2 atoms (returns atoms to the ground state via 3P1),E1
4s4p 3P°1,4p2 3P0,E1,430.8956,430.7744,695.74275,NIST ASD level energies,23207.48,2.803,nist,NIST ASD (accuracy C+) (from A),199000000.0,nist,1.0,27.44,430.895,,E1
4s4p 3P°2,4p2 3P1,E1,431.9866,431.8652,693.98551,NIST ASD level energies,23148.865,2.972,nist,NIST ASD (accuracy C+) (from A),74000000.0,nist,0.4166,28.27,431.986,,E1
4s4p 3P°0,4s4d 3D1,E1,442.6679,442.5437,677.24004,NIST ASD level energies,22590.296,2.529,nist,NIST ASD (accuracy C) (from A),49800000.0,nist,0.6076,13.05,442.668,,E1
4s4p 3P°1,4s4d 3D2,E1,443.6202,443.4957,675.78628,NIST ASD level energies,22541.804,3.799,nist,NIST ASD (accuracy C) (from A),67000000.0,nist,0.8174,13.05,443.621,,E1
4s4p 3P°1,4s4d 3D1,E1,443.6925,443.5679,675.67626,NIST ASD level energies,22538.134,2.103,nist,NIST ASD (accuracy C) (from A),34200000.0,nist,0.4172,13.05,443.694,,E1
4s4p 3P°2,4s4d 3D3,E1,445.6029,445.4778,672.77942,NIST ASD level energies,22441.506,5.157,nist,NIST ASD (accuracy C) (from A),87000000.0,nist,1.0,12.94,445.603,,E1
4s4p 3P°2,4s4d 3D2,E1,445.7138,445.5887,672.61208,NIST ASD level energies,22435.924,2.091,nist,NIST ASD (accuracy C) (from A),20000000.0,nist,0.244,13.05,445.714,,E1
4s4p 3P°2,4s4d 3D1,E1,445.7867,445.6616,672.50206,NIST ASD level energies,22432.254,0.5669,nist,NIST ASD (accuracy C+) (from A),2450000.0,nist,0.0299,13.05,445.786,,E1
4s4p 3P°1,4s4d 1D2,E1,452.7299,452.603,662.1883,NIST ASD level energies,22088.224,,,,,,,2.526,,452.7 nm quench line used to broaden the 657 nm transition for second-stage cooling (decay back via 4s4p 1P1 with 733 nm + 423 nm photons),E1 (intercombination)
4s2 1S0,3d4s 1D2,forbidden,457.6736,457.5453,655.03555,NIST ASD level energies,21849.634,,,,40.0,exp,0.06,0.0001061,,457.5 nm electric-quadrupole line,E2
3d4s 1D2,4s6p 1P°1,E1,504.3024,504.1618,594.46968,NIST ASD level energies,19829.374,2.503,nist,NIST ASD (accuracy D) (from A),33000000.0,nist,0.6798,7.726,504.303,,E1
3d4s 3D1,3d4p 3P°2,E1,526.1851,526.0387,569.74717,NIST ASD level energies,19004.72,0.4683,nist,NIST ASD (accuracy E) (from A),610000.0,nist,,,,,E1
3d4s 3D1,3d4p 3P°1,E1,526.3168,526.1704,569.60453,NIST ASD level energies,18999.962,1.799,nist,NIST ASD (accuracy D) (from A),15000000.0,nist,,,526.317,,E1
3d4s 3D1,3d4p 3P°0,E1,526.3706,526.2241,569.54637,NIST ASD level energies,18998.022,2.078,nist,NIST ASD (accuracy D) (from A),60000000.0,nist,,,526.37,,E1
3d4s 3D2,3d4p 3P°2,E1,526.5702,526.4237,569.33046,NIST ASD level energies,18990.82,1.811,nist,NIST ASD (accuracy D) (from A),9100000.0,nist,,,526.571,,E1
3d4s 3D2,3d4p 3P°1,E1,526.7022,526.5556,569.18782,NIST ASD level energies,18986.062,3.085,nist,NIST ASD (accuracy D) (from A),44000000.0,nist,,,526.703,,E1
3d4s 3D3,3d4p 3P°2,E1,527.1737,527.027,568.67871,NIST ASD level energies,18969.08,4.252,nist,NIST ASD (accuracy D) (from A),50000000.0,nist,,,527.174,,E1
4s4p 1P°1,4p2 1S0,E1,551.4512,551.298,543.6428,NIST ASD level energies,18133.972,3.017,nist,NIST ASD (accuracy E) (from A),110000000.0,nist,1.0,12.63,551.451,,E1
3d4s 3D2,3d4p 3D°3,E1,558.3515,558.1965,536.92422,NIST ASD level energies,17909.864,1.9,nist,NIST ASD (accuracy D) (from A),6000000.0,nist,,,558.352,,E1
3d4s 3D3,3d4p 3D°3,E1,559.0301,558.8749,536.27247,NIST ASD level energies,17888.124,5.438,nist,NIST ASD (accuracy D) (from A),49000000.0,nist,,,559.031,,E1
3d4s 3D1,3d4p 3D°2,E1,559.1666,559.0114,536.14158,NIST ASD level energies,17883.758,1.892,nist,NIST ASD (accuracy D) (from A),8300000.0,nist,,,559.167,,E1
3d4s 3D2,3d4p 3D°2,E1,559.6015,559.4462,535.72487,NIST ASD level energies,17869.858,4.054,nist,NIST ASD (accuracy D) (from A),38000000.0,nist,,,559.602,,E1
3d4s 3D1,3d4p 3D°1,E1,560.0035,559.848,535.34035,NIST ASD level energies,17857.032,3.344,nist,NIST ASD (accuracy D) (from A),43000000.0,nist,,,560.004,,E1
3d4s 3D3,3d4p 3D°2,E1,560.2832,560.1276,535.07312,NIST ASD level energies,17848.118,1.932,nist,NIST ASD (accuracy D) (from A),8600000.0,nist,,,560.285,,E1
3d4s 3D2,3d4p 3D°1,E1,560.4397,560.2842,534.92364,NIST ASD level energies,17843.132,1.91,nist,NIST ASD (accuracy D) (from A),14000000.0,nist,,,560.441,,E1
4s4p 1P°1,4p2 1D2,E1,585.9074,585.745,511.67207,NIST ASD level energies,17067.543,5.724,nist,NIST ASD (accuracy D) (from A),66000000.0,nist,0.955,11.0,585.907,,E1
4s4p 3P°0,4s5s 3S1,E1,610.4412,610.2723,491.10783,NIST ASD level energies,16381.594,1.798,nist,NIST ASD (accuracy C) (from A),9600000.0,nist,0.1181,12.94,610.441,,E1
4s4p 3P°1,4s5s 3S1,E1,612.3912,612.2217,489.54406,NIST ASD level energies,16329.432,3.124,nist,NIST ASD (accuracy C) (from A),28700000.0,nist,0.353,12.94,612.391,,E1
3d4s 3D1,4s5p 3P°2,E1,615.7727,615.6023,486.85573,NIST ASD level energies,16239.759,0.364,nist,NIST ASD (accuracy E) (from A),230000.0,nist,,,,,E1
3d4s 3D2,4s5p 3P°2,E1,616.3002,616.1297,486.43902,NIST ASD level energies,16225.859,1.381,nist,NIST ASD (accuracy D) (from A),3300000.0,nist,,,616.3,,E1
4s4p 3P°2,4s5s 3S1,E1,616.3878,616.2173,486.36985,NIST ASD level energies,16223.552,4.067,nist,NIST ASD (accuracy C) (from A),47700000.0,nist,0.5867,12.94,616.388,616.2 nm line of the 4s4p 3P - 4s5s 3S1 triplet,E1
3d4s 3D1,4s5p 3P°1,E1,616.546,616.3755,486.24505,NIST ASD level energies,16219.389,1.394,nist,NIST ASD (accuracy D) (from A),5600000.0,nist,,,616.547,,E1
3d4s 3D1,4s5p 3P°0,E1,616.8146,616.6439,486.03337,NIST ASD level energies,16212.328,1.596,nist,NIST ASD (accuracy D) (from A),22000000.0,nist,,,616.815,,E1
3d4s 3D2,4s5p 3P°1,E1,617.0749,616.9041,485.82834,NIST ASD level energies,16205.489,2.432,nist,NIST ASD (accuracy D) (from A),17000000.0,nist,,,617.077,,E1
3d4s 3D3,4s5p 3P°2,E1,617.127,616.9563,485.78727,NIST ASD level energies,16204.119,3.32,nist,NIST ASD (accuracy D) (from A),19000000.0,nist,,,617.127,,E1
3d4s 3D3,3d4p 3F°4,E1,644.0855,643.9075,465.45444,NIST ASD level energies,15525.889,7.931,nist,NIST ASD (accuracy D) (from A),53000000.0,nist,,,644.085,,E1
3d4s 3D1,3d4p 1D°2,E1,645.1591,644.9808,464.6799,NIST ASD level energies,15500.053,2.442,nist,NIST ASD (accuracy D) (from A),9000000.0,nist,,,645.159,,E1 (intercombination)
3d4s 3D2,3d4p 1D°2,E1,645.7382,645.5597,464.26319,NIST ASD level energies,15486.153,0.9645,nist,NIST ASD (accuracy E) (from A),1400000.0,nist,,,645.738,,E1 (intercombination)
3d4s 3D2,3d4p 3F°3,E1,646.4353,646.2567,463.76253,NIST ASD level energies,15469.453,6.623,nist,NIST ASD (accuracy D) (from A),47000000.0,nist,,,646.436,,E1
3d4s 3D3,3d4p 3F°3,E1,647.345,647.1662,463.11079,NIST ASD level energies,15447.713,2.352,nist,NIST ASD (accuracy D) (from A),5900000.0,nist,,,647.345,,E1
3d4s 3D1,3d4p 3F°2,E1,649.5576,649.3781,461.53331,NIST ASD level energies,15395.094,5.455,nist,NIST ASD (accuracy D) (from A),44000000.0,nist,,,649.557,,E1
3d4s 3D2,3d4p 3F°2,E1,650.1446,649.965,461.1166,NIST ASD level energies,15381.194,2.344,nist,NIST ASD (accuracy D) (from A),8100000.0,nist,,,650.145,,E1
3d4s 3D3,3d4p 3F°2,E1,651.0648,650.885,460.46485,NIST ASD level energies,15359.454,0.4043,nist,NIST ASD (accuracy E) (from A),240000.0,nist,,,,,E1
4s2 1S0,4s4p 3P°1,E1,657.4595,657.2779,455.98622,NIST ASD level energies,15210.063,0.03111,exp,"compiled in Table I of Bucay, Helal, Raizen, 'Surface ionization of metastable calcium atoms', AIP Advances 11, 015020 (2021) (refs. Degenhardt 2005; Pasternack, Silver, Yarkony, Dagdigian, J. Phys. B 13 (1980)). The measured 3P1 lifetime 425(10) us is the more precise statement. (from A)",2300.0,exp,0.9775,0.0003745,657.46,657.28 nm (air) intercombination / optical frequency standard line; second-stage (quench) cooling,E1 (intercombination)
3d4s 1D2,4s5p 1P°1,E1,671.9536,671.7681,446.15057,NIST ASD level energies,14881.981,2.322,nist,NIST ASD (accuracy E) (from A),12000000.0,nist,,,671.954,671.77 nm (air) repumper for the 423 nm MOT,E1
4s4p 3P°1,3d4s 1D2,E1,1506.1214,1505.7099,199.04933,NIST ASD level energies,6639.571,0.05029,exp,"rate quoted without uncertainty in Hansen, Mohr, Hemmerich, Phys. Rev. A 67, 021401(R) (2003), arXiv:physics/0210119 (probably a calculated value) (from A)",300.0,exp,0.83,0.0001061,,decay of the 1D2 reservoir back to the ground state via 3P1 (1.5 um),E1 (intercombination)
4s4p 3P°2,3d4s 1D2,E1,1530.5285,1530.1103,195.87513,NIST ASD level energies,6533.691,0.02914,exp,"rate quoted without uncertainty in Hansen, Mohr, Hemmerich, Phys. Rev. A 67, 021401(R) (2003), arXiv:physics/0210119 (probably a calculated value) (from A)",96.0,exp,0.17,0.0001061,,loss channel of the 423 nm MOT into metastable 3P2 (1.53 um; also used for repumping at 1530.5 nm),E1 (intercombination)
4s4p 3P°2,3d4s 3D3,E1,1978.2171,1977.6771,151.5468,NIST ASD level energies,5055.057,,,,,,,,,"1978 nm closed transition of the metastable (triplet) MOT, sub-Doppler cooling",E1
