level,J,parity,energy_cm,lifetime_ns,lifetime_unc_ns,lifetime_tier,lifetime_source,g_J,hfs_A_MHz,hfs_B_MHz,hfs_source
3s2 1S0,0,even,0.0,,,stable,,,,,
3s3p 3P°0,0,odd,21850.405,2250000000000.0,,theory,"Porsev & Derevianko, Phys. Rev. A 69, 042506 (2004) [arXiv:physics/0312006], Table IV: hyperfine-quenching E1 rate A(3P0->1S0, F=5/2) = 4.44e-4 s^-1 for 25Mg (lifetime here = 1/rate)",,,,
3s3p 3P°1,1,odd,21870.464,4400000.0,200000.0,exp,"Hansen, Therkildsen, Malossi, Jensen, van Ooijen, Brusch, Muller, Hald, Thomsen, Phys. Rev. A 77, 062502 (2008), MOT recapture of 24Mg; read in Therkildsen PhD thesis (Univ. Copenhagen 2009) Sec. 5.2 and reprint appended there",,,,
3s3p 3P°2,2,odd,21911.178,2050000000000.0,140000000000.0,exp,"Jensen, He, Westergaard, Gunnarsson, Madsen, Brusch, Hald, Thomsen, Phys. Rev. Lett. 107, 113001 (2011) (abstract): M2 rate (4.87 +- 0.3)e-4 s^-1, lifetime 2050 +140/-110 s, 24Mg in a magnetic trap",,,,
3s3p 1P°1,1,odd,35051.264,1.99,0.08,exp,"Lurio, Phys. Rev. 136, A376 (1964), zero-field level crossing (Hanle) on an atomic beam (abstract)",,,,
3s4s 3S1,1,even,41197.403,9.7,0.6,exp,"Kwiatkowski, Teppner, Zimmermann, Z. Phys. A 294, 109 (1980), laser excitation; quoted in Table 1 of Pehlivan Rhodin et al., Astron. Astrophys. (2017) [arXiv:1611.07000]",,,,
3s4s 1S0,0,even,43503.333,47.0,3.0,exp,"Jonsson, Kroll, Persson, Svanberg, Phys. Rev. A 30, 2429 (1984); quoted in Table 1 of Pehlivan Rhodin et al., Astron. Astrophys. (2017) [arXiv:1611.07000]",,,,
3s3d 1D2,2,even,46403.065,81.0,6.0,exp,"Jonsson, Kroll, Persson, Svanberg, Phys. Rev. A 30, 2429 (1984); quoted in Table 1 of Pehlivan Rhodin et al., Astron. Astrophys. (2017) [arXiv:1611.07000]",,,,
3s4p 3P°0,0,odd,47841.119,,,none,,,,,
3s4p 3P°1,1,odd,47844.414,,,none,,,,,
3s4p 3P°2,2,odd,47851.162,,,none,,,,,
3s3d 3D2,2,even,47957.027,5.9,0.4,exp,"Aldenius, Tanner, Johansson, Lundberg, Ryan, Astron. Astrophys. 461, 767 (2007) [arXiv:astro-ph/0610033] Table 1, laser-induced fluorescence",,,,
3s3d 3D3,3,even,47957.045,5.9,0.4,exp,"Aldenius, Tanner, Johansson, Lundberg, Ryan, Astron. Astrophys. 461, 767 (2007) [arXiv:astro-ph/0610033] Table 1, laser-induced fluorescence",,,,
3s3d 3D1,1,even,47957.058,5.9,0.4,exp,"Aldenius, Tanner, Johansson, Lundberg, Ryan, Astron. Astrophys. 461, 767 (2007) [arXiv:astro-ph/0610033] Table 1, laser-induced fluorescence",,,,
3s4p 1P°1,1,odd,49346.729,13.4,0.5,exp,"Larsson & Svanberg, Z. Phys. D 25, 127 (1993), pulsed level-crossing (Hanle) spectroscopy at 202.6 nm (abstract)",,,,
3s5s 3S1,1,even,51872.526,29.0,3.0,exp,"Aldenius, Tanner, Johansson, Lundberg, Ryan, Astron. Astrophys. 461, 767 (2007) [arXiv:astro-ph/0610033] Table 1, laser-induced fluorescence",,,,
3s5s 1S0,0,even,52556.206,100.0,5.0,exp,"Jonsson, Kroll, Persson, Svanberg, Phys. Rev. A 30, 2429 (1984); quoted in Table 1 of Pehlivan Rhodin et al., Astron. Astrophys. (2017) [arXiv:1611.07000]",,,,
3s4d 1D2,2,even,53134.642,57.0,3.0,exp,"Jonsson, Kroll, Persson, Svanberg, Phys. Rev. A 30, 2429 (1984); quoted in Table 1 of Pehlivan Rhodin et al., Astron. Astrophys. (2017) [arXiv:1611.07000]",,,,
