lower,upper,kind,wavelength_vac_nm,wavelength_air_nm,frequency_THz,frequency_source,wavenumber_cm,rme_J_ea0,rme_tier,rme_source,A_s,A_tier,branching,upper_linewidth_MHz,nist_observed_vac_nm,use,type,rme_source_url,cycle_class,cycle_lower_level,leak_per_photon,leak_is_lower_limit,photons_before_leak,leak_tier,leak_basis
5s2 1S0,5s5p 1P°1,E1,228.87291,228.8023,1309.864341,"Hofsaess, Padilla-Castillo, Wright, Kray, Thomas, Sartakov, Ohayon, Meijer, Truppe, 'High-resolution isotope-shift spectroscopy of Cd I', Phys. Rev. Research 5, 013043 (2023), arXiv:2210.11425",43692.3714,3.331,exp,"Hofsaess, Padilla-Castillo, Wright, Kray, Thomas, Sartakov, Ohayon, Meijer, Truppe, 'High-resolution isotope-shift spectroscopy of Cd I', Phys. Rev. Research 5, 013043 (2023), arXiv:2210.11425 (from A)",625000000.0,exp,1.0,99.47,228.87282,228.9 nm resonance line: first-stage MOT / slowing / imaging,E1,https://arxiv.org/abs/2210.11425,closed,ground,,,,,
5s5p 3P°0,5s6d 3D1,E1,283.7734,283.69,1056.45009,NIST ASD level energies,35239.382,0.9733,nist,NIST ASD (accuracy D) (from A),28000000.0,nist,,,283.77342,,E1,https://physics.nist.gov/asd,leak,metastable,0.559,False,1.79,hfr,rates
5s5p 3P°1,5s6d 3D2,E1,288.1612,288.0767,1040.36359,NIST ASD level energies,34702.794,1.575,nist,NIST ASD (accuracy D) (from A),42000000.0,nist,,,288.16121,,E1,https://physics.nist.gov/asd,leak,decays,0.371,True,2.7,hfr,rates
5s5p 3P°1,5s6d 3D1,E1,288.207,288.1225,1040.19844,NIST ASD level energies,34697.285,0.9223,nist,NIST ASD (accuracy D) (from A),24000000.0,nist,,,288.20697,,E1,https://physics.nist.gov/asd,leak,decays,0.622,False,1.61,hfr,rates
5s5p 3P°2,5s6d 3D3,E1,298.149,298.062,1005.51215,NIST ASD level energies,33540.275,2.324,nist,NIST ASD (accuracy D) (from A),59000000.0,nist,,,298.14902,,E1,https://physics.nist.gov/asd,leak,metastable,0.136,False,7.35,hfr,rates
5s5p 3P°2,5s6d 3D2,E1,298.2232,298.1362,1005.26194,NIST ASD level energies,33531.929,0.9909,nist,NIST ASD (accuracy D) (from A),15000000.0,nist,,,298.22325,,E1,https://physics.nist.gov/asd,leak,metastable,0.775,True,1.29,hfr,rates
5s2 1S0,5s5p 3P°2,forbidden,314.1991,314.1081,954.14802,NIST ASD level energies,31826.952,,,,,,,3.789e-09,,314 nm ultra-narrow (M2) line,M2,,,,,,,,
5s2 1S0,5s5p 3P°1,E1,326.19954,326.1055,919.046234,"Hofsaess, Padilla-Castillo, Wright, Kray, Thomas, Sartakov, Ohayon, Meijer, Truppe, 'High-resolution isotope-shift spectroscopy of Cd I', Phys. Rev. Research 5, 013043 (2023), arXiv:2210.11425",30656.0825,0.1466,exp,"Hofsaess, Padilla-Castillo, Wright, Kray, Thomas, Sartakov, Ohayon, Meijer, Truppe, 'High-resolution isotope-shift spectroscopy of Cd I', Phys. Rev. Research 5, 013043 (2023), arXiv:2210.11425 (from A)",418400.0,exp,1.0,0.06659,326.19951,326.1 nm intercombination line: narrow-line MOT (Doppler limit 1.58 uK),E1 (intercombination),https://arxiv.org/abs/2210.11425,closed,ground,,,,,
5s2 1S0,5s5p 3P°0,forbidden,332.07161,331.9761,902.794618,"Schelfhout & McFerran, Phys. Rev. A 105, 022805 (2022), arXiv:2112.05987",30113.987,,,,,,,,,"332 nm optical lattice clock transition (111Cd, 113Cd; magic wavelength 419.88(14) nm)",clock,,,,,,,,
5s5p 3P°0,5s5d 3D1,E1,340.4629,340.3652,880.54375,NIST ASD level energies,29371.778,2.121,nist,NIST ASD (accuracy C) (from A),77000000.0,nist,,,340.46287,,E1,https://physics.nist.gov/asd,leak,metastable,0.482,False,2.07,hfr,rates
5s5p 3P°1,5s5d 3D2,E1,346.7192,346.62,864.65484,NIST ASD level energies,28841.781,3.513,nist,NIST ASD (accuracy D) (from A),120000000.0,nist,,,346.71923,,E1,https://physics.nist.gov/asd,leak,decays,0.227,False,4.41,hfr,rates
5s5p 3P°1,5s5d 3D1,E1,346.8647,346.7654,864.29209,NIST ASD level energies,28829.681,2.035,nist,NIST ASD (accuracy D) (from A),67000000.0,nist,,,346.86477,,E1,https://physics.nist.gov/asd,leak,decays,0.549,False,1.82,hfr,rates
5s5p 3P°2,5s5d 3D3,E1,361.15371,361.0507,830.096573,"Gibble, 'Laser-cooling Cadmium Bosons and Fermions with Near Ultraviolet Triplet Excitations', arXiv:2408.08424 (2024)",27689.0412,4.6,nist,NIST ASD (accuracy D) (from A),130000000.0,nist,,,361.15375,361.2 nm metastable MOT (cycling transition),E1,https://physics.nist.gov/asd,leak,metastable,0.000388,False,2580.0,hfr,rates
5s5p 3P°2,5s5d 3D2,E1,361.3903,361.2872,829.55319,NIST ASD level energies,27670.916,2.019,nist,NIST ASD (accuracy D) (from A),35000000.0,nist,,,361.39033,,E1,https://physics.nist.gov/asd,leak,metastable,0.775,False,1.29,hfr,rates
5s5p 3P°2,5s5d 3D1,E1,361.5484,361.4453,829.19044,NIST ASD level energies,27658.816,0.5618,theory,"Robert, Manzoor, Chiarotti, Poli, 'Multipole transition amplitudes and radiative decay rates in neutral cadmium', arXiv:2510.04715 (2025) (from A)",4510000.0,theory,,,,"361.5 nm; weak 3D1 branch, no A value in NIST ASD",E1,https://arxiv.org/abs/2510.04715,leak,metastable,0.97,False,1.03,hfr,rates
5s5p 1P°1,5s7d 1D2,E1,414.147,414.0302,723.87938,NIST ASD level energies,24146.017,0.9077,nist,NIST ASD (accuracy D) (from A),4700000.0,nist,,,414.14665,,E1,https://physics.nist.gov/asd,leak,decays,0.589,True,1.7,hfr,rates
5s5p 1P°1,5s6d 1D2,E1,466.3657,466.2352,642.82695,NIST ASD level energies,21442.399,1.173,nist,NIST ASD (accuracy C) (from A),5500000.0,nist,,,466.36572,,E1,https://physics.nist.gov/asd,leak,decays,0.71,True,1.41,hfr,rates
5s5p 3P°0,5s6s 3S1,E1,467.9459,467.815,640.65618,NIST ASD level energies,21369.99,1.404,nist,NIST ASD (accuracy C) (from A),13000000.0,nist,,,467.94587,,E1,https://physics.nist.gov/asd,leak,metastable,0.882,False,1.13,hfr,rates
5s5p 3P°1,5s6s 3S1,E1,480.1254,479.9912,624.40452,NIST ASD level energies,20827.893,2.592,nist,NIST ASD (accuracy C) (from A),41000000.0,nist,,,480.1254,480.0 nm optical pumping / repumping,E1,https://physics.nist.gov/asd,leak,decays,0.627,False,1.59,hfr,rates
5s5p 3P°2,5s6s 3S1,E1,508.7239,508.5821,589.30287,NIST ASD level energies,19657.028,3.304,nist,NIST ASD (accuracy C) (from A),56000000.0,nist,,,508.72393,,E1,https://physics.nist.gov/asd,leak,metastable,0.491,False,2.04,hfr,rates
5s5p 1P°1,5s5d 1D2,E1,644.0249,643.8469,465.49824,NIST ASD level energies,15527.35,6.236,nist,NIST ASD (accuracy C) (from A),59000000.0,nist,,,644.0249,,E1,https://physics.nist.gov/asd,leak,decays,0.0305,True,32.8,hfr,rates
