level,J,parity,energy_cm,lifetime_ns,lifetime_unc_ns,lifetime_tier,lifetime_source,g_J,hfs_A_MHz,hfs_B_MHz,hfs_source,lifetime_source_url,hfs_source_url
4s2 1S0,0,even,0.0,,,stable,,,,,,,
4s4p 3P°0,0,odd,15157.901,,,none,,,,,,,
4s4p 3P°1,1,odd,15210.063,425000.0,10000.0,exp,"Degenhardt, Stoehr, Lisdat, Wilpers, Schnatz, Lipphardt, Nazarova, Pottie, Sterr, Helmcke, Riehle, Phys. Rev. A 72, 062111 (2005), Appendix A (fluorescence decay of ultracold 40Ca; natural linewidth 374(9) Hz)",1.5010829,,,,https://www.bipm.org/documents/20126/48882683/working-document-ID-1905/40e94898-1460-0761-4e2b-a7fa3e09a15b,
4s4p 3P°2,2,odd,15315.943,7080000000000.0,,theory,"'118 minutes' as quoted in Mills, Puri, Yu, Derevianko, Schneider, Hudson, Phys. Rev. A 96, 033402 (2017), arXiv:1701.04948 (converted to s)",1.5011308,,,,https://arxiv.org/pdf/1701.04948,
3d4s 3D1,1,even,20335.36,,,none,,,,,,,
3d4s 3D2,2,even,20349.26,,,none,,,,,,,
3d4s 3D3,3,even,20371.0,,,none,,,,,,,
3d4s 1D2,2,even,21849.634,1500000.0,400000.0,exp,"Drozdowski, Kwela, Walkiewicz, Z. Phys. D 27, 321 (1993) (time of flight); as quoted in Dammalapati et al., Meas. Sci. Technol. 20, 095303 (2009)",,,,,http://atomoptics-nas.uoregon.edu/~tbrown/files/strontium_vacuum_system/Research%20Papers/mst9_9_095303.pdf,
4s4p 1P°1,1,odd,23652.304,4.6386,0.0017000000000000001,exp,"Vogt, Grain, Nazarova et al., Eur. Phys. J. D 44, 73 (2007) (photoassociation spectroscopy); as tabulated in Den Hartog, Lawler, Sneden, Cowan, Roederer, Sobeck, Astrophys. J. Suppl. 255, 27 (2021), arXiv:2105.10534, Table 1",,,,,https://arxiv.org/pdf/2105.10534,
4s5s 3S1,1,even,31539.495,12.3,0.6,exp,"this-work TR-LIF measurement (UW Madison, +-5%) in Den Hartog, Lawler, Sneden, Cowan, Roederer, Sobeck, Astrophys. J. Suppl. 255, 27 (2021), arXiv:2105.10534, Table 1",,,,,https://arxiv.org/pdf/2105.10534,
3d4p 3F°2,2,odd,35730.454,,,none,,,,,,,
3d4p 3F°3,3,odd,35818.713,,,none,,,,,,,
3d4p 1D°2,2,odd,35835.413,,,none,,,,,,,
3d4p 3F°4,4,odd,35896.889,,,none,,,,,,,
4s5p 3P°0,0,odd,36547.688,,,none,,,,,,,
4s5p 3P°1,1,odd,36554.749,,,none,,,,,,,
4s5p 3P°2,2,odd,36575.119,,,none,,,,,,,
4s5p 1P°1,1,odd,36731.615,,,none,,,,,,,
4s4d 1D2,2,even,37298.287,63.0,10.0,exp,"Hunter, Watson, Weiss, Zajonc, Phys. Rev. A 31, 2268 (1985) (Hanle effect); as tabulated in Den Hartog, Lawler, Sneden, Cowan, Roederer, Sobeck, Astrophys. J. Suppl. 255, 27 (2021), arXiv:2105.10534, Table 1",,,,,https://arxiv.org/pdf/2105.10534,
4s4d 3D1,1,even,37748.197,12.2,0.6,exp,"this-work TR-LIF measurement (UW Madison, +-5%) in Den Hartog, Lawler, Sneden, Cowan, Roederer, Sobeck, Astrophys. J. Suppl. 255, 27 (2021), arXiv:2105.10534, Table 1",,,,,https://arxiv.org/pdf/2105.10534,
4s4d 3D2,2,even,37751.867,12.2,0.6,exp,"this-work TR-LIF measurement (UW Madison, +-5%) in Den Hartog, Lawler, Sneden, Cowan, Roederer, Sobeck, Astrophys. J. Suppl. 255, 27 (2021), arXiv:2105.10534, Table 1",,,,,https://arxiv.org/pdf/2105.10534,
4s4d 3D3,3,even,37757.449,12.3,0.6,exp,"this-work TR-LIF measurement (UW Madison, +-5%) in Den Hartog, Lawler, Sneden, Cowan, Roederer, Sobeck, Astrophys. J. Suppl. 255, 27 (2021), arXiv:2105.10534, Table 1",,,,,https://arxiv.org/pdf/2105.10534,
3d4p 3D°1,1,odd,38192.392,,,none,,,,,,,
3d4p 3D°2,2,odd,38219.118,,,none,,,,,,,
3d4p 3D°3,3,odd,38259.124,,,none,,,,,,,
4p2 3P0,0,even,38417.543,5.8,0.29,exp,"this-work TR-LIF measurement (UW Madison, +-5%) in Den Hartog, Lawler, Sneden, Cowan, Roederer, Sobeck, Astrophys. J. Suppl. 255, 27 (2021), arXiv:2105.10534, Table 1",,,,,https://arxiv.org/pdf/2105.10534,
4p2 3P1,1,even,38464.808,5.63,0.2800000000000001,exp,"this-work TR-LIF measurement (UW Madison, +-5%) in Den Hartog, Lawler, Sneden, Cowan, Roederer, Sobeck, Astrophys. J. Suppl. 255, 27 (2021), arXiv:2105.10534, Table 1",,,,,https://arxiv.org/pdf/2105.10534,
4p2 3P2,2,even,38551.558,5.66,0.2800000000000001,exp,"this-work TR-LIF measurement (UW Madison, +-5%) in Den Hartog, Lawler, Sneden, Cowan, Roederer, Sobeck, Astrophys. J. Suppl. 255, 27 (2021), arXiv:2105.10534, Table 1",,,,,https://arxiv.org/pdf/2105.10534,
3d4p 3P°0,0,odd,39333.382,,,none,,,,,,,
3d4p 3P°1,1,odd,39335.322,,,none,,,,,,,
3d4p 3P°2,2,odd,39340.08,,,none,,,,,,,
4s6s 3S1,1,even,40474.241,31.7,1.6000000000000003,exp,"this-work TR-LIF measurement (UW Madison, +-5%) in Den Hartog, Lawler, Sneden, Cowan, Roederer, Sobeck, Astrophys. J. Suppl. 255, 27 (2021), arXiv:2105.10534, Table 1",,,,,https://arxiv.org/pdf/2105.10534,
4p2 1D2,2,even,40719.847,14.47,0.14000000000000004,exp,"Hunter, Watson, Weiss, Zajonc, Phys. Rev. A 31, 2268 (1985) (Hanle effect); as tabulated in Den Hartog, Lawler, Sneden, Cowan, Roederer, Sobeck, Astrophys. J. Suppl. 255, 27 (2021), arXiv:2105.10534, Table 1",,,,,https://arxiv.org/pdf/2105.10534,
4s6p 1P°1,1,odd,41679.008,20.6,1.0,exp,"this-work TR-LIF measurement (UW Madison, +-5%) in Den Hartog, Lawler, Sneden, Cowan, Roederer, Sobeck, Astrophys. J. Suppl. 255, 27 (2021), arXiv:2105.10534, Table 1",,,,,https://arxiv.org/pdf/2105.10534,
4p2 1S0,0,even,41786.276,12.6,0.8000000000000002,exp,"Havey, Balling, Wright, J. Opt. Soc. Am. 67, 488 (1977); as tabulated in Den Hartog, Lawler, Sneden, Cowan, Roederer, Sobeck, Astrophys. J. Suppl. 255, 27 (2021), arXiv:2105.10534, Table 1",,,,,https://arxiv.org/pdf/2105.10534,
