obs_wl_vac(nm)	ritz_wl_vac(nm)	intens	Aki(s^-1)	Acc	Ei(cm-1)	Ek(cm-1)	conf_i	term_i	J_i	conf_k	term_k	J_k	Type	tp_ref	line_ref	
"14.588"	""	"3a"	""		""	""	""	""	""	""	""	""		""	"L5491"	
"14.626"	""	"3a"	""		""	""	""	""	""	""	""	""		""	"L5491"	
"15.040"	""	"2a"	""		""	""	""	""	""	""	""	""		""	"L5491"	
"15.094"	""	"3a"	""		""	""	""	""	""	""	""	""		""	"L5491"	
"15.184"	""	"5a"	""		""	""	""	""	""	""	""	""		""	"L5491"	
"15.232"	""	"3a"	""		""	""	""	""	""	""	""	""		""	"L5491"	
"15.272"	""	"6a"	""		""	""	""	""	""	""	""	""		""	"L5491"	
"15.285"	""	"3a"	""		""	""	""	""	""	""	""	""		""	"L5491"	
"15.306"	""	"2a"	""		""	""	""	""	""	""	""	""		""	"L5491"	
"15.362"	""	"2a"	""		""	""	""	""	""	""	""	""		""	"L5491"	
"15.388"	""	"4a"	""		""	""	""	""	""	""	""	""		""	"L5491"	
"15.426"	""	"1a"	""		""	""	""	""	""	""	""	""		""	"L5491"	
"15.445"	""	"1a"	""		""	""	""	""	""	""	""	""		""	"L5491"	
"15.484"	""	"5a"	""		""	""	""	""	""	""	""	""		""	"L5491"	
"15.499"	""	"2a"	""		""	""	""	""	""	""	""	""		""	"L5491"	
"15.510"	""	"2a"	""		""	""	""	""	""	""	""	""		""	"L5491"	
"15.545"	""	"20a"	""		""	""	""	""	""	""	""	""		""	"L5491"	
"15.583"	""	"10a"	""		""	""	""	""	""	""	""	""		""	"L5491"	
"15.605"	""	"9a"	""		""	""	""	""	""	""	""	""		""	"L5491"	
"15.625"	""	"7a"	""		""	""	""	""	""	""	""	""		""	"L5491"	
"15.687"	""	"2a"	""		""	""	""	""	""	""	""	""		""	"L5491"	
"15.703"	""	"1a"	""		""	""	""	""	""	""	""	""		""	"L5491"	
"15.713"	""	"3a"	""		""	""	""	""	""	""	""	""		""	"L5491"	
"15.744"	""	"2a"	""		""	""	""	""	""	""	""	""		""	"L5491"	
"15.764"	""	"1a"	""		""	""	""	""	""	""	""	""		""	"L5491"	
"15.786"	""	"2a"	""		""	""	""	""	""	""	""	""		""	"L5491"	
"15.798"	""	"2a"	""		""	""	""	""	""	""	""	""		""	"L5491"	
"15.808"	""	"2a"	""		""	""	""	""	""	""	""	""		""	"L5491"	
"15.925"	""	"6a"	""		""	""	""	""	""	""	""	""		""	"L5491"	
"118.1907"	"118.1907"	"36g,a"	""		"112.061"	"84721.1"	"3s2.3p"	"2P*"	"3/2"	"3s.3p.(3P*).11p?"	"2S?"	"1/2?"		""	"L3597"	
"118.201"	"118.201"	"26g,a"	""		"112.061"	"84714"	"3s2.3p"	"2P*"	"3/2"	"3s.3p.(3P*).11p?"	"2D?"	"5/2?"		""	"L3597"	
"118.2379"	"118.2378"	"57g,a"	""		"0.000"	"84575.3"	"3s2.3p"	"2P*"	"1/2"	"3s.3p.(3P*).11p?"	""	"3/2?"		""	"L3597"	
"118.5660"	"118.5660"	"81g,a"	""		"112.061"	"84453.3"	"3s2.3p"	"2P*"	"3/2"	"3s.3p.(3P*).10p?"	"2S?"	"1/2?"		""	"L3597"	
"118.579"	"118.579"	"57g,a"	""		"112.061"	"84444"	"3s2.3p"	"2P*"	"3/2"	"3s.3p.(3P*).10p?"	"2D?"	"5/2?"		""	"L3597"	
"118.6346"	"118.6347"	"60g,a"	""		"0.000"	"84292.4"	"3s2.3p"	"2P*"	"1/2"	"3s.3p.(3P*).10p?"	""	"3/2?"		""	"L3597"	
"119.0939"	"119.0939"	"94g,a"	""		"112.061"	"84079.4"	"3s2.3p"	"2P*"	"3/2"	"3s.3p.(3P*).9p?"	"2S?"	"3/2?"		""	"L3597"	
"119.134"	"119.134"	"75g,a"	""		"112.061"	"84051"	"3s2.3p"	"2P*"	"3/2"	"3s.3p.(3P*).9p?"	"2D?"	"5/2?"		""	"L3597"	
"119.2211"	"119.2212"	"130g,a"	""		"0.000"	"83877.7"	"3s2.3p"	"2P*"	"1/2"	"3s.3p.(1P*).4p?"	"2P?"	"3/2?"		""	"L3597"	
"119.2320"	"119.2321"	"140g,a"	""		"0.000"	"83870.0"	"3s2.3p"	"2P*"	"1/2"	"3s.3p.(3P*).9p?"	""	"3/2?"		""	"L3597"	
"119.3807"	"119.3807"	"86g,a"	""		"112.061"	"83877.7"	"3s2.3p"	"2P*"	"3/2"	"3s.3p.(1P*).4p?"	"2P?"	"3/2?"		""	"L3597"	
"119.4955"	"119.4955"	"62g,a"	""		"112.061"	"83797.2"	"3s2.3p"	"2P*"	"3/2"	"3s.3p.(1P*).4p?"	"2P?"	"1/2?"		""	"L3597"	
"119.773"	"119.773"	"36g,a"	""		"0.000"	"83491"	"3s2.3p"	"2P*"	"1/2"	"3s.3p.(1P*).4p?"	"2D?"	"3/2"		""	"L3597"	
"119.8482"	"119.848"	"65g,a"	""		"0.000"	"83439"	"3s2.3p"	"2P*"	"1/2"	"3s.3p.(3P*).8p?"	"2D?"	"3/2?"		""	"L3597"	
"119.8686"	"119.8687"	"125g,a"	""		"112.061"	"83536.7"	"3s2.3p"	"2P*"	"3/2"	"3s.3p.(3P*).8p?"	"2S?"	"1/2?"		""	"L3597"	
"119.934"	"119.934"	"86g,a"	""		"112.061"	"83491"	"3s2.3p"	"2P*"	"3/2"	"3s.3p.(1P*).4p?"	"2D?"	"5/2"		""	"L3597"	
"119.9959"	"119.996"	"120g,a"	""		"112.061"	"83448"	"3s2.3p"	"2P*"	"3/2"	"3s.3p.(3P*).8p?"	"2D?"	"5/2?"		""	"L3597"	
"120.0095"	"120.009"	"91g,a"	""		"112.061"	"83439"	"3s2.3p"	"2P*"	"3/2"	"3s.3p.(3P*).8p?"	"2D?"	"3/2?"		""	"L3597"	
"120.0459"	"120.0454"	"96g,a"	""		"0.000"	"83301.8"	"3s2.3p"	"2P*"	"1/2"	"3s.3p.(3P*).8p?"	""	"3/2?"		""	"L3597"	
"120.0853"	"120.0849"	"150g,a"	""		"0.000"	"83274.4"	"3s2.3p"	"2P*"	"1/2"	"3s.3p.(3P*).8p?"	""	"3/2?"		""	"L3597"	
"120.2066"	"120.2071"	"34g,a"	""		"112.061"	"83301.8"	"3s2.3p"	"2P*"	"3/2"	"3s.3p.(3P*).8p?"	""	"3/2?"		""	"L3597"	
"120.2463"	"120.2467"	"160g,a"	""		"112.061"	"83274.4"	"3s2.3p"	"2P*"	"3/2"	"3s.3p.(3P*).8p?"	""	"3/2?"		""	"L3597"	
"120.9165"	"120.9164"	"55g,a"	""		"0.000"	"82701.8"	"3s2.3p"	"2P*"	"1/2"	"3s.3p.(3P*).7p"	"2S"	"1/2"		""	"L3597"	
"121.0803"	"121.0804"	"110g,a"	""		"112.061"	"82701.8"	"3s2.3p"	"2P*"	"3/2"	"3s.3p.(3P*).7p"	"2S"	"1/2"		""	"L3597"	
"121.233"	"121.233"	"105g,a"	""		"112.061"	"82598"	"3s2.3p"	"2P*"	"3/2"	"3s.3p.(3P*).7p"	"2D"	"5/2"		""	"L3597"	
"121.3425"	"121.3429"	"165g,a"	""		"0.000"	"82411.1"	"3s2.3p"	"2P*"	"1/2"	"3s.3p.(3P*).7p"	""	"3/2?"		""	"L3597"	
"121.3954"	"121.3955"	"78g,a"	""		"0.000"	"82375.4"	"3s2.3p"	"2P*"	"1/2"	"3s.3p.(3P*).7p"	""	"1/2?"		""	"L3597"	
"121.4553"	"121.4555"	"265g,a"	""		"0.000"	"82334.7"	"3s2.3p"	"2P*"	"1/2"	"3s.3p.(3P*).7p"	""	"3/2?"		""	"L3597"	
"121.5084"	"121.5081"	"96g,a"	""		"112.061"	"82411.1"	"3s2.3p"	"2P*"	"3/2"	"3s.3p.(3P*).7p"	""	"3/2?"		""	"L3597"	
"121.6212"	"121.6210"	"260g,a"	""		"112.061"	"82334.7"	"3s2.3p"	"2P*"	"3/2"	"3s.3p.(3P*).7p"	""	"3/2?"		""	"L3597"	
"122.9783"	"122.9785"	"160g,a"	""		"0.000"	"81315.0"	"3s2.3p"	"2P*"	"1/2"	"3s.3p.(3P*).6p"	"2S"	"3/2"		""	"L3597"	
"123.1484"	"123.1483"	"455g,a"	""		"112.061"	"81315.0"	"3s2.3p"	"2P*"	"3/2"	"3s.3p.(3P*).6p"	"2S"	"3/2"		""	"L3597"	
"123.485"	"123.484"	"1000g,a"	""		"112.061"	"81094"	"3s2.3p"	"2P*"	"3/2"	"3s.3p.(3P*).6p"	"2D"	"5/2"		""	"L3597"	
"123.5587"	"123.5585"	"50g,a"	""		"0.000"	"80933.3"	"3s2.3p"	"2P*"	"1/2"	"3s.3p.(3P*).6p"	""	"3/2?"		""	"L3597"	
"123.7298"	"123.7299"	"100g,a"	""		"112.061"	"80933.3"	"3s2.3p"	"2P*"	"3/2"	"3s.3p.(3P*).6p"	""	"3/2?"		""	"L3597"	
"123.7442"	"123.7443"	"590g,a"	""		"0.000"	"80811.8"	"3s2.3p"	"2P*"	"1/2"	"3s.3p.(3P*).6p"	""	"3/2?"		""	"L3597"	
"123.7986"	"123.7985"	"230g,a"	""		"0.000"	"80776.4"	"3s2.3p"	"2P*"	"1/2"	"3s.3p.(3P*).6p"	""	"1/2?"		""	"L3597"	
"123.8628"	"123.8629"	"550g,a"	""		"0.000"	"80734.4"	"3s2.3p"	"2P*"	"1/2"	"3s.3p.(3P*).6p"	""	"3/2?"		""	"L3597"	
"123.8810"	"123.8809"	"260g,a"	""		"0.000"	"80722.7"	"3s2.3p"	"2P*"	"1/2"	"3s.3p.(3P*).6p"	""	"1/2?"		""	"L3597"	
"123.9162"	"123.9161"	"775g,a"	""		"112.061"	"80811.8"	"3s2.3p"	"2P*"	"3/2"	"3s.3p.(3P*).6p"	""	"3/2?"		""	"L3597"	
"124.0352"	"124.0351"	"1035g,a"	""		"112.061"	"80734.4"	"3s2.3p"	"2P*"	"3/2"	"3s.3p.(3P*).6p"	""	"3/2?"		""	"L3597"	
"124.0531"	"124.0531"	"425g,a"	""		"112.061"	"80722.7"	"3s2.3p"	"2P*"	"3/2"	"3s.3p.(3P*).6p"	""	"1/2?"		""	"L3597"	
"126.9956"	"126.9956"	"285g,a"	""		"0.000"	"78742.9"	"3s2.3p"	"2P*"	"1/2"	"3s.3p.(3P*).5p"	"2S"	"1/2"		""	"L3597"	
"127.1765"	"127.1766"	"620g,a"	""		"112.061"	"78742.9"	"3s2.3p"	"2P*"	"3/2"	"3s.3p.(3P*).5p"	"2S"	"1/2"		""	"L3597"	
"127.945"	"127.944"	"1780g,a"	""		"112.061"	"78271"	"3s2.3p"	"2P*"	"3/2"	"3s.3p.(3P*).5p"	"2D"	"5/2"		""	"L3597"	
"128.4454"	"128.4464"	"75g,a"	""		"0.000"	"77853.5"	"3s2.3p"	"2P*"	"1/2"	"3s.3p.(3P*).5p"	""	"3/2?"		""	"L3597"	
"128.6325"	"128.6315"	"155g,a"	""		"112.061"	"77853.5"	"3s2.3p"	"2P*"	"3/2"	"3s.3p.(3P*).5p"	""	"3/2?"		""	"L3597"	
"128.6789"	"128.6791"	"1100g,a"	""		"0.000"	"77712.7"	"3s2.3p"	"2P*"	"1/2"	"3s.3p.(3P*).5p"	"2P"	"3/2"		""	"L3597"	
"128.7532"	"128.7533"	"395g,a"	""		"0.000"	"77667.9"	"3s2.3p"	"2P*"	"1/2"	"3s.3p.(3P*).5p"	""	"1/2?"		""	"L3597"	
"128.7946"	"128.7948"	"730g,a"	""		"0.000"	"77642.9"	"3s2.3p"	"2P*"	"1/2"	"3s.3p.(3P*).5p"	""	"3/2?"		""	"L3597"	
"128.8210"	"128.8212"	"570g,a"	""		"0.000"	"77627.0"	"3s2.3p"	"2P*"	"1/2"	"3s.3p.(3P*).5p"	""	"1/2?"		""	"L3597"	
"128.8650"	"128.8649"	"2090g,a"	""		"112.061"	"77712.7"	"3s2.3p"	"2P*"	"3/2"	"3s.3p.(3P*).5p"	"2P"	"3/2"		""	"L3597"	
"128.9393"	"128.9394"	"335g,a"	""		"112.061"	"77667.9"	"3s2.3p"	"2P*"	"3/2"	"3s.3p.(3P*).5p"	""	"1/2?"		""	"L3597"	
"128.9812"	"128.9809"	"1890g,a"	""		"112.061"	"77642.9"	"3s2.3p"	"2P*"	"3/2"	"3s.3p.(3P*).5p"	""	"3/2?"		""	"L3597"	
"129.0076"	"129.0074"	"475g,a"	""		"112.061"	"77627.0"	"3s2.3p"	"2P*"	"3/2"	"3s.3p.(3P*).5p"	""	"1/2?"		""	"L3597"	
"136.8908"	"136.8907"	"705g,a"	""		"0.000"	"73051.0"	"3s2.3p"	"2P*"	"1/2"	"3s.3p.(3P*).4p"	"2S"	"1/2"		""	"L3597"	
"137.1010"	"137.1010"	"1130g,a"	""		"112.061"	"73051.0"	"3s2.3p"	"2P*"	"3/2"	"3s.3p.(3P*).4p"	"2S"	"1/2"		""	"L3597"	
"139.780"	"139.780"	"2350g,a"	""		"112.061"	"71653"	"3s2.3p"	"2P*"	"3/2"	"3s.3p.(3P*).4p"	"2D"	"5/2"		""	"L3597"	
"141.3156"	"141.3158"	"4370g,a"	""		"0.000"	"70763.5"	"3s2.3p"	"2P*"	"1/2"	"3s.3p.(3P*).4p"	"2P"	"3/2"		""	"L3597"	
"141.4240"	"141.4239"	"1150g,a"	""		"0.000"	"70709.4"	"3s2.3p"	"2P*"	"1/2"	"3s.3p.(3P*).4p"	"2P"	"1/2"		""	"L3597"	
"141.5401"	"141.5399"	"1870g,a"	""		"112.061"	"70763.5"	"3s2.3p"	"2P*"	"3/2"	"3s.3p.(3P*).4p"	"2P"	"3/2"		""	"L3597"	
"141.6481"	"141.6484"	"1000g,a"	""		"112.061"	"70709.4"	"3s2.3p"	"2P*"	"3/2"	"3s.3p.(3P*).4p"	"2P"	"1/2"		""	"L3597"	
"141.7222"	"141.7224"	"630g,a"	""		"0.000"	"70560.5"	"3s2.3p"	"2P*"	"1/2"	"3s.3p.(3P*).4p"	""	"3/2?"		""	"L3597"	
"141.9479"	"141.9478"	"1040g,a"	""		"112.061"	"70560.5"	"3s2.3p"	"2P*"	"3/2"	"3s.3p.(3P*).4p"	""	"3/2?"		""	"L3597"	
"142.5037"	"142.5037"	"800g,a"	""		"112.061"	"70285.7"	"3s2.3p"	"2P*"	"3/2"	"3s.3p.(3P*).4p"	""	"3/2?"		""	"L3597"	
"143.1018"	"143.1018"	"380g,a"	""		"0.000"	"69880.3"	"3s2.3p"	"2P*"	"1/2"	"3s.3p.(3P*).4p"	""	"3/2?"		""	"L3597"	
"143.1865"	"143.1859"	"315g,a"	""		"0.000"	"69839.3"	"3s2.3p"	"2P*"	"1/2"	"3s.3p.(3P*).4p"	""	"1/2?"		""	"L3597"	
"143.4155"	"143.4160"	"500g,a"	""		"112.061"	"69839.3"	"3s2.3p"	"2P*"	"3/2"	"3s.3p.(3P*).4p"	""	"1/2?"		""	"L3597"	
"176.2899"	"176.28918"	"100g"	""		"0.000"	"56724.980"	"3s2.3p"	"2P*"	"1/2"	"3s.3p2"	"2P"	"3/2"		""	"L4737"	
"176.5636"	"176.56323"	"200g"	""		"0.000"	"56636.933"	"3s2.3p"	"2P*"	"1/2"	"3s.3p2"	"2P"	"1/2"		""	"L4737"	
"176.6385"	"176.63813"	"200g"	""		"112.061"	"56724.980"	"3s2.3p"	"2P*"	"3/2"	"3s.3p2"	"2P"	"3/2"		""	"L4737"	
"176.9140"	"176.91327"	"200g"	""		"112.061"	"56636.933"	"3s2.3p"	"2P*"	"3/2"	"3s.3p2"	"2P"	"1/2"		""	"L4737"	
"193.2268"	"193.2266"	"1000g,a"	""		"0.000"	"51752.7"	"3s2.3p"	"2P*"	"1/2"	"3s.3p2"	"2S"	"1/2"		""	"L3597"	
"193.6457"	"193.6459"	"1200g,a"	""		"112.061"	"51752.7"	"3s2.3p"	"2P*"	"3/2"	"3s.3p2"	"2S"	"1/2"		""	"L3597"	
"208.028"	"208.030"	"g,a*"	""		"112.061"	"48182"	"3s2.3p"	"2P*"	"3/2"	"3s2.34d"	"2D"	"5/2"		""	"L130"	
"208.028"	"208.030"	"g,a*"	""		"0.000"	"48070"	"3s2.3p"	"2P*"	"1/2"	"3s2.23d"	"2D"	"3/2"		""	"L130"	
"208.053"	"208.052"	"g,a"	""		"112.061"	"48177"	"3s2.3p"	"2P*"	"3/2"	"3s2.33d"	"2D"	"5/2"		""	"L130"	
"208.081"	"208.082"	"g,a"	""		"112.061"	"48170"	"3s2.3p"	"2P*"	"3/2"	"3s2.32d"	"2D"	"5/2"		""	"L130"	
"208.112"	"208.112"	"g,a*"	""		"112.061"	"48163"	"3s2.3p"	"2P*"	"3/2"	"3s2.31d"	"2D"	"5/2"		""	"L130"	
"208.112"	"208.112"	"g,a*"	""		"0.000"	"48051"	"3s2.3p"	"2P*"	"1/2"	"3s2.22d"	"2D"	"3/2"		""	"L130"	
"208.145"	"208.147"	"g,a"	""		"112.061"	"48155"	"3s2.3p"	"2P*"	"3/2"	"3s2.30d"	"2D"	"5/2"		""	"L130"	
"208.181"	"208.182"	"g,a"	""		"112.061"	"48147"	"3s2.3p"	"2P*"	"3/2"	"3s2.29d"	"2D"	"5/2"		""	"L130"	
"208.206"	"208.198"	"g,a"	""		"0.000"	"48031.1"	"3s2.3p"	"2P*"	"1/2"	"3s2.21d"	"2D"	"3/2"		""	"L130"	
"208.223"	"208.225"	"g,a"	""		"112.061"	"48137"	"3s2.3p"	"2P*"	"3/2"	"3s2.28d"	"2D"	"5/2"		""	"L130"	
"208.267"	"208.269"	"g,a"	""		"112.061"	"48127"	"3s2.3p"	"2P*"	"3/2"	"3s2.27d"	"2D"	"5/2"		""	"L130"	
"208.316"	"208.313"	"g,a"	""		"0.000"	"48004.7"	"3s2.3p"	"2P*"	"1/2"	"3s2.20d"	"2D"	"3/2"		""	"L130,L7413"	
"208.319"	"208.321"	"g,a"	""		"112.061"	"48115"	"3s2.3p"	"2P*"	"3/2"	"3s2.26d"	"2D"	"5/2"		""	"L130"	
"208.376"	"208.377"	"g,a"	""		"112.061"	"48102"	"3s2.3p"	"2P*"	"3/2"	"3s2.25d"	"2D"	"5/2"		""	"L130"	
"208.441"	"208.441"	"g,a*"	""		"0.000"	"47975.1"	"3s2.3p"	"2P*"	"1/2"	"3s2.19d"	"2D"	"3/2"		""	"L130,L7413"	
"208.441"	"208.442"	"g,a*"	""		"112.061"	"48087"	"3s2.3p"	"2P*"	"3/2"	"3s2.24d"	"2D"	"5/2"		""	"L130,L7413"	
"208.514"	"208.516"	"g,a"	""		"112.061"	"48070"	"3s2.3p"	"2P*"	"3/2"	"3s2.23d"	"2D"	"5/2"		""	"L130"	
"208.590"	"208.591"	"g,a"	""		"0.000"	"47940.7"	"3s2.3p"	"2P*"	"1/2"	"3s2.18d"	"2D"	"3/2"		""	"L130,L7413"	
"208.598"	"208.599"	"g,a"	""		"112.061"	"48051"	"3s2.3p"	"2P*"	"3/2"	"3s2.22d"	"2D"	"5/2"		""	"L130"	
"208.689"	"208.685"	"g,a"	""		"112.061"	"48031.1"	"3s2.3p"	"2P*"	"3/2"	"3s2.21d"	"2D"	"5/2"		""	"L130,L7413"	
"208.802"	"208.800"	"g,a"	""		"112.061"	"48004.7"	"3s2.3p"	"2P*"	"3/2"	"3s2.20d"	"2D"	"5/2"		""	"L130,L7413"	
"208.932"	"208.929"	"g,a"	""		"112.061"	"47975.1"	"3s2.3p"	"2P*"	"3/2"	"3s2.19d"	"2D"	"5/2"		""	"L130,L7413"	
"208.981"	"208.982"	"g,a"	""		"0.000"	"47850.9"	"3s2.3p"	"2P*"	"1/2"	"3s2.16d"	"2D"	"3/2"		""	"L130,L7413"	
"209.082"	"209.080"	"g,a"	""		"112.061"	"47940.7"	"3s2.3p"	"2P*"	"3/2"	"3s2.18d"	"2D"	"5/2"		""	"L130,L7413"	
"209.236"	"209.236"	"g,a"	""		"0.000"	"47793.0"	"3s2.3p"	"2P*"	"1/2"	"3s2.15d"	"2D"	"3/2"		""	"L130,L7413"	
"209.259"	"209.257"	"g,a"	""		"112.061"	"47900.1"	"3s2.3p"	"2P*"	"3/2"	"3s2.17d"	"2D"	"5/2"		""	"L130,L7413"	
"209.40"	"209.4017"	"1"	""		"32436.796"	"80191.9"	"3s2.3d"	"2D"	"5/2"	"3s.3p.(3P*).5d"	"2D*"	"5/2"		""	"L3514"	
"209.475"	"209.473"	"g,a"	""		"112.061"	"47850.9"	"3s2.3p"	"2P*"	"3/2"	"3s2.16d"	"2D"	"5/2"		""	"L130,L7413"	
"209.551"	"209.550"	"g,a"	""		"0.000"	"47721.3"	"3s2.3p"	"2P*"	"1/2"	"3s2.14d"	"2D"	"3/2"		""	"L130,L7413"	
"209.729"	"209.727"	"g,a"	""		"112.061"	"47793.0"	"3s2.3p"	"2P*"	"3/2"	"3s2.15d"	"2D"	"5/2"		""	"L130,L7413"	
"209.942"	"209.940"	"g,a"	""		"0.000"	"47632.6"	"3s2.3p"	"2P*"	"1/2"	"3s2.13d"	"2D"	"3/2"		""	"L130,L7413"	
"209.977"	"209.97221"	"g,a"	""		"112.061"	"[47737.41]"	"3s2.3p"	"2P*"	"3/2"	"3s2.16s"	"2S"	"1/2"		""	"L130"	
"210.046"	"210.043"	"g,a"	""		"112.061"	"47721.3"	"3s2.3p"	"2P*"	"3/2"	"3s2.14d"	"2D"	"5/2"		""	"L130,L7413"	
"210.325"	"210.32210"	"g,a"	""		"0.000"	"[47546.12]"	"3s2.3p"	"2P*"	"1/2"	"3s2.14s"	"2S"	"1/2"		""	"L130"	
"210.352"	"210.34688"	"g,a"	""		"112.061"	"[47652.58]"	"3s2.3p"	"2P*"	"3/2"	"3s2.15s"	"2S"	"1/2"		""	"L130"	
"210.433"	"210.433"	"g,a"	""		"0.000"	"47521.1"	"3s2.3p"	"2P*"	"1/2"	"3s2.12d"	"2D"	"3/2"		""	"L130"	
"210.438"	"210.435"	"g,a"	""		"112.061"	"47632.6"	"3s2.3p"	"2P*"	"3/2"	"3s2.13d"	"2D"	"5/2"		""	"L130"	
"210.822"	"210.81898"	"g,a"	""		"112.061"	"[47546.12]"	"3s2.3p"	"2P*"	"3/2"	"3s2.14s"	"2S"	"1/2"		""	"L130"	
"210.929"	"210.92610"	"g,a*"	""		"0.000"	"[47409.97]"	"3s2.3p"	"2P*"	"1/2"	"3s2.13s"	"2S"	"1/2"		""	"L130,L7413"	
"210.929"	"210.930"	"g,a*"	""		"112.061"	"47521.1"	"3s2.3p"	"2P*"	"3/2"	"3s2.12d"	"2D"	"5/2"		""	"L130,L7413"	
"211.428"	"211.42584"	"g,a"	""		"112.061"	"[47409.97]"	"3s2.3p"	"2P*"	"3/2"	"3s2.13s"	"2S"	"1/2"		""	"L130,L7413"	
"211.723"	"211.72087"	"g,a"	""		"0.000"	"[47232.00]"	"3s2.3p"	"2P*"	"1/2"	"3s2.12s"	"2S"	"1/2"		""	"L130,L7413"	
"211.8982"	"211.89862"	"g,a"	"1.03e+07"	C	"0.000"	"47192.38"	"3s2.3p"	"2P*"	"1/2"	"3s2.10d"	"2D"	"3/2"		"T6527c4,LS"	"L99"	
"212.226"	"212.22438"	"g,a"	""		"112.061"	"[47232.00]"	"3s2.3p"	"2P*"	"3/2"	"3s2.12s"	"2S"	"1/2"		""	"L130,L7413"	
""	"212.40298"	""	"2.0e+06"	D	"112.061"	"47192.38"	"3s2.3p"	"2P*"	"3/2"	"3s2.10d"	"2D"	"3/2"		"T6527c4,LS"	""	
"212.4033"	"212.40298"	"1g"	"1.22e+07"	C	"112.061"	"47192.38"	"3s2.3p"	"2P*"	"3/2"	"3s2.10d"	"2D"	"5/2"		"T6527c4,LS"	"L4737"	
"212.797"	"212.79715"	"g,a"	""		"0.000"	"[46993.11]"	"3s2.3p"	"2P*"	"1/2"	"3s2.11s"	"2S"	"1/2"		""	"L130"	
"213.0335"	"213.03352"	"1g"	"1.52e+07"	C	"0.000"	"46940.97"	"3s2.3p"	"2P*"	"1/2"	"3s2.9d"	"2D"	"3/2"		"T6527c4,LS"	"L4737"	
"213.306"	"213.30581"	"g,a"	""		"112.061"	"[46993.11]"	"3s2.3p"	"2P*"	"3/2"	"3s2.11s"	"2S"	"1/2"		""	"L130"	
"213.5406"	"213.54066"	"2g"	"1.81e+07"	C	"112.061"	"46941.55"	"3s2.3p"	"2P*"	"3/2"	"3s2.9d"	"2D"	"5/2"		"T6527c4,LS"	"L4737"	
""	"213.54331"	""	"3.0e+06"	D	"112.061"	"46940.97"	"3s2.3p"	"2P*"	"3/2"	"3s2.9d"	"2D"	"3/2"		"T6527c4,LS"	""	
"214.307"	"214.30747"	"g,a"	""		"0.000"	"[46661.93]"	"3s2.3p"	"2P*"	"1/2"	"3s2.10s"	"2S"	"1/2"		""	"L130"	
"214.6231"	"214.62304"	"3g"	"2.06e+07"	C	"0.000"	"46593.32"	"3s2.3p"	"2P*"	"1/2"	"3s2.8d"	"2D"	"3/2"		"u36,LS"	"L4737"	
"214.822"	"214.82338"	"g,a"	""		"112.061"	"[46661.93]"	"3s2.3p"	"2P*"	"3/2"	"3s2.10s"	"2S"	"1/2"		""	"L130"	
"215.1376"	"215.13756"	"5g"	"2.46e+07"	C	"112.061"	"46593.95"	"3s2.3p"	"2P*"	"3/2"	"3s2.8d"	"2D"	"5/2"		"u36,LS"	"L4737"	
""	"215.14047"	""	"4.09e+06"	E	"112.061"	"46593.32"	"3s2.3p"	"2P*"	"3/2"	"3s2.8d"	"2D"	"3/2"		"u36,LS"	""	
"216.1062"	"216.10658"	"3"	""		"32436.796"	"78710.26"	"3s2.3d"	"2D"	"5/2"	"3s.3p.(3P*).4d"	"2F*"	"7/2"		""	"L4737"	
"216.523"	"216.52570"	"g"	""		"0.000"	"46183.895"	"3s2.3p"	"2P*"	"1/2"	"3s2.9s"	"2S"	"1/2"		""	"L3514"	
"216.5595"	"216.55907"	"2"	""		"32435.453"	"78612.23"	"3s2.3d"	"2D"	"3/2"	"3s.3p.(3P*).4d"	"2F*"	"5/2"		""	"L4737"	
"216.9485"	"216.95069"	"1g"	"2.96e+07"	C	"0.000"	"46093.424"	"3s2.3p"	"2P*"	"1/2"	"3s2.7d"	"2D"	"3/2"		"u36,LS"	"L3514"	
"217.049"	"217.05235"	"g"	""		"112.061"	"46183.895"	"3s2.3p"	"2P*"	"3/2"	"3s2.9s"	"2S"	"1/2"		""	"L3514"	
"217.4709"	"217.47522"	"1g"	"3.53e+07"	C	"112.061"	"46094.312"	"3s2.3p"	"2P*"	"3/2"	"3s2.7d"	"2D"	"5/2"		"u36,LS"	"L3514"	
""	"217.47942"	""	"5.88e+06"	E	"112.061"	"46093.424"	"3s2.3p"	"2P*"	"3/2"	"3s2.7d"	"2D"	"3/2"		"u36,LS"	""	
"217.8078"	"217.8077"	"4"	""		"29066.96"	"74979.02"	"3s.3p2"	"4P"	"3/2"	"3s.3p.(3P*).5s"	"4P*"	"5/2"		""	"L4737"	
"218.1679"	"218.1680"	"5"	""		"29142.78"	"74979.02"	"3s.3p2"	"4P"	"5/2"	"3s.3p.(3P*).5s"	"4P*"	"5/2"		""	"L4737"	
"219.9837"	"219.98694"	"1g"	"1.75e+06"	C	"0.000"	"45457.244"	"3s2.3p"	"2P*"	"1/2"	"3s2.8s"	"2S"	"1/2"		"T6527c4,LS"	"L3514"	
"220.5278"	"220.53059"	"2g"	"3.49e+06"	C	"112.061"	"45457.244"	"3s2.3p"	"2P*"	"3/2"	"3s2.8s"	"2S"	"1/2"		"T6527c4,LS"	"L3514"	
"220.5348"	"220.53554"	"2g"	"4.37e+07"	C+	"0.000"	"45344.165"	"3s2.3p"	"2P*"	"1/2"	"3s2.6d"	"2D"	"3/2"		"u36,LS"	"L3514"	
"221.0735"	"221.07493"	"2g"	"5.20e+07"	C+	"112.061"	"45345.594"	"3s2.3p"	"2P*"	"3/2"	"3s2.6d"	"2D"	"5/2"		"u36,LS"	"L3514"	
""	"221.08191"	""	"8.67e+06"	C+	"112.061"	"45344.165"	"3s2.3p"	"2P*"	"3/2"	"3s2.6d"	"2D"	"3/2"		"u36,LS"	""	
"225.8698"	"225.87062"	"2g"	"3.77e+06"	C	"0.000"	"44273.133"	"3s2.3p"	"2P*"	"1/2"	"3s2.7s"	"2S"	"1/2"		"T6527c4,LS"	"L3514"	
"226.4162"	"226.41647"	"4g"	"6.83e+07"	B	"0.000"	"44166.398"	"3s2.3p"	"2P*"	"1/2"	"3s2.5d"	"2D"	"3/2"		"T5653"	"L3514"	
"226.4431"	"226.44378"	"2g"	"7.5e+06"	C	"112.061"	"44273.133"	"3s2.3p"	"2P*"	"3/2"	"3s2.7s"	"2S"	"1/2"		"T6527c4,LS"	"L3514"	
"226.6715"	"226.67167"	"3"	""		"32436.796"	"76553.47"	"3s2.3d"	"2D"	"5/2"	"3s.3p.(3P*).4d"	"2D*"	"5/2"		""	"L4737"	
"226.823"	"226.8281"	"4"	""		"32435.453"	"76521.7"	"3s2.3d"	"2D"	"3/2"	"3s.3p.(3P*).4d"	"2D*"	"3/2"		""	"L3514"	
"226.9798"	"226.97979"	"4g"	"7.58e+07"	B	"112.061"	"44168.847"	"3s2.3p"	"2P*"	"3/2"	"3s2.5d"	"2D"	"5/2"		"u36,T5653,LS"	"L3514"	
"226.9922"	"226.99241"	"2g"	"1.26e+07"	C+	"112.061"	"44166.398"	"3s2.3p"	"2P*"	"3/2"	"3s2.5d"	"2D"	"3/2"		"T5653LS"	"L3514"	
"231.1746"	"231.1746"	"4"	""		"29020.41"	"72277.75"	"3s.3p2"	"4P"	"1/2"	"3s.3p.(3P*).3d"	"4P*"	"1/2"		""	"L4737"	
"231.3202"	"231.3202"	"5"	""		"29020.41"	"72250.53"	"3s.3p2"	"4P"	"1/2"	"3s.3p.(3P*).3d"	"4P*"	"3/2"		""	"L4737"	
"231.4237"	"231.4237"	"6"	""		"29066.96"	"72277.75"	"3s.3p2"	"4P"	"3/2"	"3s.3p.(3P*).3d"	"4P*"	"1/2"		""	"L4737"	
"231.5695"	"231.5696"	"4"	""		"29066.96"	"72250.53"	"3s.3p2"	"4P"	"3/2"	"3s.3p.(3P*).3d"	"4P*"	"3/2"		""	"L4737"	
"231.8194"	"231.8193"	"7"	""		"29066.96"	"72204.00"	"3s.3p2"	"4P"	"3/2"	"3s.3p.(3P*).3d"	"4P*"	"5/2"		""	"L4737"	
"231.9770"	"231.9768"	"5"	""		"29142.78"	"72250.53"	"3s.3p2"	"4P"	"5/2"	"3s.3p.(3P*).3d"	"4P*"	"3/2"		""	"L4737"	
"232.2275"	"232.2275"	"9"	""		"29142.78"	"72204.00"	"3s.3p2"	"4P"	"5/2"	"3s.3p.(3P*).3d"	"4P*"	"5/2"		""	"L4737"	
"236.7775"	"236.77750"	"8g"	"7.61e+07"	C+	"0.000"	"42233.742"	"3s2.3p"	"2P*"	"1/2"	"3s2.4d"	"2D"	"3/2"		"u36,LS"	"L3514"	
"236.8334"	"236.8335"	"8"	""		"29020.41"	"71244.17"	"3s.3p2"	"4P"	"1/2"	"3s.3p.(3P*).3d"	"4D*"	"3/2"		""	"L4737"	
"236.8835"	"236.8835"	"8"	""		"29020.41"	"71235.25"	"3s.3p2"	"4P"	"1/2"	"3s.3p.(3P*).3d"	"4D*"	"1/2"		""	"L4737"	
"237.0028"	"237.0028"	"10"	""		"29066.96"	"71260.55"	"3s.3p2"	"4P"	"3/2"	"3s.3p.(3P*).3d"	"4D*"	"5/2"		""	"L4737"	
"237.0949"	"237.0949"	"9"	""		"29066.96"	"71244.17"	"3s.3p2"	"4P"	"3/2"	"3s.3p.(3P*).3d"	"4D*"	"3/2"		""	"L4737"	
"237.1450"	"237.1450"	"6"	""		"29066.96"	"71235.25"	"3s.3p2"	"4P"	"3/2"	"3s.3p.(3P*).3d"	"4D*"	"1/2"		""	"L4737"	
"237.2794"	"237.27939"	"3g"	"5.76e+06"	C	"0.000"	"42144.411"	"3s2.3p"	"2P*"	"1/2"	"3s2.6s"	"2S"	"1/2"		"u36,LS"	"L4737"	
"237.3849"	"237.38466"	"8g"	"9.07e+07"	B	"112.061"	"42237.783"	"3s2.3p"	"2P*"	"3/2"	"3s2.4d"	"2D"	"5/2"		"u36,LS"	"L3514"	
"237.4074"	"237.40743"	"2g"	"1.51e+07"	C+	"112.061"	"42233.742"	"3s2.3p"	"2P*"	"3/2"	"3s2.4d"	"2D"	"3/2"		"u36,LS"	"L3514"	
"237.4296"	"237.4295"	"8"	""		"29142.78"	"71260.55"	"3s.3p2"	"4P"	"5/2"	"3s.3p.(3P*).3d"	"4D*"	"5/2"		""	"L4737"	
"237.5221"	"237.5218"	"4"	""		"29142.78"	"71244.17"	"3s.3p2"	"4P"	"5/2"	"3s.3p.(3P*).3d"	"4D*"	"3/2"		""	"L4737"	
"237.9094"	"237.91199"	"3g"	"1.14e+07"	C+	"112.061"	"42144.411"	"3s2.3p"	"2P*"	"3/2"	"3s2.6s"	"2S"	"1/2"		"u36,LS"	"L3514"	
"242.379"	"242.3776"	"5"	""		"38933.968"	"80191.9"	"3s2.nd"	"y 2D"	"5/2"	"3s.3p.(3P*).5d"	"2D*"	"5/2"		""	"L3514"	
"242.551"	"242.5502"	"5"	""		"38929.413"	"80158.0"	"3s2.nd"	"y 2D"	"3/2"	"3s.3p.(3P*).5d"	"2D*"	"3/2"		""	"L3514"	
"242.579"	"242.5770"	"1"	""		"38933.968"	"80158.0"	"3s2.nd"	"y 2D"	"5/2"	"3s.3p.(3P*).5d"	"2D*"	"3/2"		""	"L3514"	
"246.057"	"246.0569"	"5"	""		"32436.796"	"73077.8"	"3s2.3d"	"2D"	"5/2"	"3s.3p.(3P*).3d"	"2F*"	"7/2"		""	"L3514"	
"246.649"	"246.6490"	"4"	""		"32435.453"	"72978.9"	"3s2.3d"	"2D"	"3/2"	"3s.3p.(3P*).3d"	"2F*"	"5/2"		""	"L3514"	
"251.4062"	"251.4060"	"5"	""		"38933.968"	"78710.26"	"3s2.nd"	"y 2D"	"5/2"	"3s.3p.(3P*).4d"	"2F*"	"7/2"		""	"L4737"	
"251.9980"	"251.9982"	"4"	""		"38929.413"	"78612.23"	"3s2.nd"	"y 2D"	"3/2"	"3s.3p.(3P*).4d"	"2F*"	"5/2"		""	"L4737"	
"252.0272"	"252.0272"	"1"	""		"38933.968"	"78612.23"	"3s2.nd"	"y 2D"	"5/2"	"3s.3p.(3P*).4d"	"2F*"	"5/2"		""	"L4737"	
"256.8754"	"256.87518"	"10g"	"1.92e+07"	B	"0.000"	"38929.413"	"3s2.3p"	"2P*"	"1/2"	"3s2.nd"	"y 2D"	"3/2"		"T5653"	"L3514"	
"257.5865"	"257.58652"	"10g"	"3.60e+07"	C+	"112.061"	"38933.968"	"3s2.3p"	"2P*"	"3/2"	"3s2.nd"	"y 2D"	"5/2"		"u36,T5653,LS"	"L3514"	
"257.6164"	"257.61675"	"3g"	"5.99e+06"	C+	"112.061"	"38929.413"	"3s2.3p"	"2P*"	"3/2"	"3s2.nd"	"y 2D"	"3/2"		"T5653LS"	"L3514"	
"263.474"	"263.4760"	"2"	""		"42237.783"	"80191.9"	"3s2.4d"	"2D"	"5/2"	"3s.3p.(3P*).5d"	"2D*"	"5/2"		""	"L3514"	
"263.682"	"263.6835"	"2"	""		"42233.742"	"80158.0"	"3s2.4d"	"2D"	"3/2"	"3s.3p.(3P*).5d"	"2D*"	"3/2"		""	"L3514"	
"263.711"	"263.7116"	"1"	""		"42237.783"	"80158.0"	"3s2.4d"	"2D"	"5/2"	"3s.3p.(3P*).5d"	"2D*"	"3/2"		""	"L3514"	
"264.828"	"264.8334"	"6"	""		"32949.807"	"70709.4"	"3s2.4p"	"2P*"	"1/2"	"3s.3p.(3P*).4p"	"2P"	"1/2"		""	"L3514"	
"264.940"	"264.9445"	"4"	""		"32965.639"	"70709.4"	"3s2.4p"	"2P*"	"3/2"	"3s.3p.(3P*).4p"	"2P"	"1/2"		""	"L3514"	
"265.3274"	"265.32654"	"10g"	"1.42e+07"	B	"0.000"	"37689.407"	"3s2.3p"	"2P*"	"1/2"	"3s2.5s"	"2S"	"1/2"		"T7365"	"L3514"	
"265.8197"	"265.8196"	"3"	""		"38933.968"	"76553.47"	"3s2.nd"	"y 2D"	"5/2"	"3s.3p.(3P*).4d"	"2D*"	"5/2"		""	"L4737"	
"266.012"	"266.0120"	"3"	""		"38929.413"	"76521.7"	"3s2.nd"	"y 2D"	"3/2"	"3s.3p.(3P*).4d"	"2D*"	"3/2"		""	"L3514"	
"266.1184"	"266.11778"	"10g"	"2.84e+07"	B	"112.061"	"37689.407"	"3s2.3p"	"2P*"	"3/2"	"3s2.5s"	"2S"	"1/2"		"T7365"	"L3514"	
"274.1791"	"274.1793"	"4"	""		"42237.783"	"78710.26"	"3s2.4d"	"2D"	"5/2"	"3s.3p.(3P*).4d"	"2F*"	"7/2"		""	"L4737"	
"274.8878"	"274.8877"	"3"	""		"42233.742"	"78612.23"	"3s2.4d"	"2D"	"3/2"	"3s.3p.(3P*).4d"	"2F*"	"5/2"		""	"L4737"	
"277.601"	"277.6000"	"1"	""		"44168.847"	"80191.9"	"3s2.5d"	"2D"	"5/2"	"3s.3p.(3P*).5d"	"2D*"	"5/2"		""	"L3514"	
"277.845"	"277.8426"	"2"	""		"44166.398"	"80158.0"	"3s2.5d"	"2D"	"3/2"	"3s.3p.(3P*).5d"	"2D*"	"3/2"		""	"L3514"	
"283.8691"	"283.86909"	"2"	""		"32435.453"	"67662.959"	"3s2.3d"	"2D"	"3/2"	"3s.3p.(3P*).3d"	"2D*"	"5/2"		""	"L4737"	
"283.8798"	"283.87991"	"7"	""		"32436.796"	"67662.959"	"3s2.3d"	"2D"	"5/2"	"3s.3p.(3P*).3d"	"2D*"	"5/2"		""	"L4737"	
"284.0934"	"284.09353"	"7"	""		"32435.453"	"67635.128"	"3s2.3d"	"2D"	"3/2"	"3s.3p.(3P*).3d"	"2D*"	"3/2"		""	"L4737"	
"284.1040"	"284.10437"	"2"	""		"32436.796"	"67635.128"	"3s2.3d"	"2D"	"5/2"	"3s.3p.(3P*).3d"	"2D*"	"3/2"		""	"L4737"	
"286.976"	"286.9745"	"1"	""		"45345.594"	"80191.9"	"3s2.6d"	"2D"	"5/2"	"3s.3p.(3P*).5d"	"2D*"	"5/2"		""	"L3514"	
"287.241"	"287.2421"	"2"	""		"45344.165"	"80158.0"	"3s2.6d"	"2D"	"3/2"	"3s.3p.(3P*).5d"	"2D*"	"3/2"		""	"L3514"	
"289.5076"	"289.5076"	"3"	""		"44168.847"	"78710.26"	"3s2.5d"	"2D"	"5/2"	"3s.3p.(3P*).4d"	"2F*"	"7/2"		""	"L4737"	
"290.3108"	"290.3109"	"2"	""		"44166.398"	"78612.23"	"3s2.5d"	"2D"	"3/2"	"3s.3p.(3P*).4d"	"2F*"	"5/2"		""	"L4737"	
"291.4120"	"291.4119"	"3"	""		"42237.783"	"76553.47"	"3s2.4d"	"2D"	"5/2"	"3s.3p.(3P*).4d"	"2D*"	"5/2"		""	"L4737"	
"291.651"	"291.6476"	"2"	""		"42233.742"	"76521.7"	"3s2.4d"	"2D"	"3/2"	"3s.3p.(3P*).4d"	"2D*"	"3/2"		""	"L3514"	
"292.8787"	"292.8787"	"5"	""		"38933.968"	"73077.8"	"3s2.nd"	"y 2D"	"5/2"	"3s.3p.(3P*).3d"	"2F*"	"7/2"		""	"L3514"	
"293.690"	"293.6902"	"3"	""		"38929.413"	"72978.9"	"3s2.nd"	"y 2D"	"3/2"	"3s.3p.(3P*).3d"	"2F*"	"5/2"		""	"L3514"	
"299.716"	"299.7183"	"3"	""		"45345.594"	"78710.26"	"3s2.6d"	"2D"	"5/2"	"3s.3p.(3P*).4d"	"2F*"	"7/2"		""	"L3514"	
"300.590"	"300.5886"	"1"	""		"45344.165"	"78612.23"	"3s2.6d"	"2D"	"3/2"	"3s.3p.(3P*).4d"	"2F*"	"5/2"		""	"L3514"	
"305.0960"	"305.0959"	"13"	""		"29066.96"	"61843.54"	"3s.3p2"	"4P"	"3/2"	"3s.3p.(3P*).4s"	"4P*"	"5/2"		""	"L4737"	
"305.5567"	"305.5567"	"5"	""		"29020.41"	"61747.56"	"3s.3p2"	"4P"	"1/2"	"3s.3p.(3P*).4s"	"4P*"	"3/2"		""	"L4737"	
"305.8033"	"305.8033"	"14"	""		"29142.78"	"61843.54"	"3s.3p2"	"4P"	"5/2"	"3s.3p.(3P*).4s"	"4P*"	"5/2"		""	"L4737"	
"305.9918"	"305.9919"	"4"	""		"29066.96"	"61747.56"	"3s.3p2"	"4P"	"3/2"	"3s.3p.(3P*).4s"	"4P*"	"3/2"		""	"L4737"	
"306.0814"	"306.0814"	"4"	""		"29020.41"	"61691.46"	"3s.3p2"	"4P"	"1/2"	"3s.3p.(3P*).4s"	"4P*"	"1/2"		""	"L4737"	
"306.5181"	"306.5181"	"7"	""		"29066.96"	"61691.46"	"3s.3p2"	"4P"	"3/2"	"3s.3p.(3P*).4s"	"4P*"	"1/2"		""	"L4737"	
"306.601"	"306.5985"	"1"	""		"46094.312"	"78710.26"	"3s2.7d"	"2D"	"5/2"	"3s.3p.(3P*).4d"	"2F*"	"7/2"		""	"L3514"	
"306.7036"	"306.7035"	"5"	""		"29142.78"	"61747.56"	"3s.3p2"	"4P"	"5/2"	"3s.3p.(3P*).4s"	"4P*"	"3/2"		""	"L4737"	
"308.30481"	"308.30462"	"24g"	"5.87e+07"	B+	"0.000"	"32435.453"	"3s2.3p"	"2P*"	"1/2"	"3s2.3d"	"2D"	"3/2"		"c40,T5653"	"L4737"	
"308.792"	"308.7885"	"5"	""		"44168.847"	"76553.47"	"3s2.5d"	"2D"	"5/2"	"3s.3p.(3P*).4d"	"2D*"	"5/2"		""	"L3514"	
"309.072"	"309.0684"	"1"	""		"44166.398"	"76521.7"	"3s2.5d"	"2D"	"3/2"	"3s.3p.(3P*).4d"	"2D*"	"3/2"		""	"L3514"	
"309.36077"	"309.36062"	"26g"	"7.29e+07"	B+	"112.061"	"32436.796"	"3s2.3p"	"2P*"	"3/2"	"3s2.3d"	"2D"	"5/2"		"c40,T7070"	"L4737"	
"309.37364"	"309.37347"	"20g"	"1.16e+07"	B	"112.061"	"32435.453"	"3s2.3p"	"2P*"	"3/2"	"3s2.3d"	"2D"	"3/2"		"c40"	"L4737"	
"320.432"	"320.4319"	"4"	""		"45345.594"	"76553.47"	"3s2.6d"	"2D"	"5/2"	"3s.3p.(3P*).4d"	"2D*"	"5/2"		""	"L3514"	
"324.253"	"324.2540"	"3"	""		"42237.783"	"73077.8"	"3s2.4d"	"2D"	"5/2"	"3s.3p.(3P*).3d"	"2F*"	"7/2"		""	"L3514"	
"325.254"	"325.2545"	"2"	""		"42233.742"	"72978.9"	"3s2.4d"	"2D"	"3/2"	"3s.3p.(3P*).3d"	"2F*"	"5/2"		""	"L3514"	
"328.315"	"328.3085"	"3"	""		"46094.312"	"76553.47"	"3s2.7d"	"2D"	"5/2"	"3s.3p.(3P*).4d"	"2D*"	"5/2"		""	"L3514"	
"344.0333"	"344.0332"	"6g"	""		"0.000"	"29066.96"	"3s2.3p"	"2P*"	"1/2"	"3s.3p2"	"4P"	"3/2"		""	"L4737"	
"344.4627"	"344.4627"	"9g"	""		"112.061"	"29142.78"	"3s2.3p"	"2P*"	"3/2"	"3s.3p2"	"4P"	"5/2"		""	"L4737"	
"344.5852"	"344.5851"	"6g"	""		"0.000"	"29020.41"	"3s2.3p"	"2P*"	"1/2"	"3s.3p2"	"4P"	"1/2"		""	"L4737"	
"345.3646"	"345.3647"	"2g"	""		"112.061"	"29066.96"	"3s2.3p"	"2P*"	"3/2"	"3s.3p2"	"4P"	"3/2"		""	"L4737"	
"345.9207"	"345.9136"	"6g*"	""		"44168.847"	"73077.8"	"3s2.5d"	"2D"	"5/2"	"3s.3p.(3P*).3d"	"2F*"	"7/2"		""	"L4737"	
"345.9207"	"345.9208"	"6g*"	""		"112.061"	"29020.41"	"3s2.3p"	"2P*"	"3/2"	"3s.3p2"	"4P"	"1/2"		""	"L4737"	
"347.079"	"347.0716"	"1"	""		"44166.398"	"72978.9"	"3s2.5d"	"2D"	"3/2"	"3s.3p.(3P*).3d"	"2F*"	"5/2"		""	"L3514"	
"348.0802"	"348.08045"	"5"	""		"38933.968"	"67662.959"	"3s2.nd"	"y 2D"	"5/2"	"3s.3p.(3P*).3d"	"2D*"	"5/2"		""	"L4737"	
"348.3625"	"348.36269"	"5"	""		"38929.413"	"67635.128"	"3s2.nd"	"y 2D"	"3/2"	"3s.3p.(3P*).3d"	"2D*"	"3/2"		""	"L4737"	
"393.3109"	"393.31095"	"5"	""		"42237.783"	"67662.959"	"3s2.4d"	"2D"	"5/2"	"3s.3p.(3P*).3d"	"2D*"	"5/2"		""	"L4737"	
"393.6791"	"393.67931"	"4"	""		"42233.742"	"67635.128"	"3s2.4d"	"2D"	"3/2"	"3s.3p.(3P*).3d"	"2D*"	"3/2"		""	"L4737"	
"394.51222"	"394.51224"	"24g"	"4.99e+07"	B+	"0.000"	"25347.756"	"3s2.3p"	"2P*"	"1/2"	"3s2.4s"	"2S"	"1/2"		"c40,T7070"	"L4737"	
"396.26409"	"396.26410"	"26g"	"9.85e+07"	B+	"112.061"	"25347.756"	"3s2.3p"	"2P*"	"3/2"	"3s2.4s"	"2S"	"1/2"		"c40"	"L4737"	
"425.632"	"425.6386"	"2"	""		"44168.847"	"67662.959"	"3s2.5d"	"2D"	"5/2"	"3s.3p.(3P*).3d"	"2D*"	"5/2"		""	"L3514"	
"510.8943"	"510.8940"	"6"	""		"25347.756"	"44921.287"	"3s2.4s"	"2S"	"1/2"	"3s2.7p"	"2P*"	"3/2"		""	"L4737"	
"510.9366"	"510.9363"	"4"	""		"25347.756"	"44919.666"	"3s2.4s"	"2S"	"1/2"	"3s2.7p"	"2P*"	"1/2"		""	"L4737"	
"555.8606"	"555.8603"	"10"	"2.30e+05"	C	"25347.756"	"43337.889"	"3s2.4s"	"2S"	"1/2"	"3s2.6p"	"2P*"	"3/2"		"u36,LS"	"L4737"	
"555.9491"	"555.9488"	"8"	"2.29e+05"	C	"25347.756"	"43335.024"	"3s2.4s"	"2S"	"1/2"	"3s2.6p"	"2P*"	"1/2"		"u36,LS"	"L4737"	
"669.7864"	"669.7867"	"13"	"1.00e+06"	C+	"25347.756"	"40277.883"	"3s2.4s"	"2S"	"1/2"	"3s2.5p"	"2P*"	"3/2"		"u36,LS"	"L4737"	
"670.0522"	"670.0517"	"11"	"1.00e+06"	C+	"25347.756"	"40271.978"	"3s2.4s"	"2S"	"1/2"	"3s2.5p"	"2P*"	"1/2"		"u36,LS"	"L4737"	
"678.71"	"678.6114"	"1"	""		"32436.796"	"[47172.77]"	"3s2.3d"	"2D"	"5/2"	"3s2.10f"	"2F*"	"7/2"		""	"L7415"	
""	"690.7543"	""	"1.08e+06"	D	"32435.453"	"[46912.38]"	"3s2.3d"	"2D"	"3/2"	"3s2.9f"	"2F*"	"5/2"		"u36,LS"	""	
""	"690.8184"	""	"7.69e+04"	E	"32436.796"	"[46912.38]"	"3s2.3d"	"2D"	"5/2"	"3s2.9f"	"2F*"	"5/2"		"u36,LS"	""	
"690.83"	"690.8184"	"3"	"1.15e+06"	C	"32436.796"	"[46912.38]"	"3s2.3d"	"2D"	"5/2"	"3s2.9f"	"2F*"	"7/2"		"u36,LS"	"L7415"	
"708.5921"	"708.5922"	"5"	"1.54e+06"	C+	"32435.453"	"46547.942"	"3s2.3d"	"2D"	"3/2"	"3s2.8f"	"2F*"	"5/2"		"u36,LS"	"L4737"	
""	"708.6597"	""	"1.10e+05"	E	"32436.796"	"46547.942"	"3s2.3d"	"2D"	"5/2"	"3s2.8f"	"2F*"	"5/2"		"u36,LS"	""	
"708.6597"	"708.6597"	"6"	"1.65e+06"	C+	"32436.796"	"46547.942"	"3s2.3d"	"2D"	"5/2"	"3s2.8f"	"2F*"	"7/2"		"u36,LS"	"L4737"	
""	"732.9491"	""	"3.66e+05"	D	"32949.807"	"46593.32"	"3s2.4p"	"2P*"	"1/2"	"3s2.8d"	"2D"	"3/2"		"u36,LS"	""	
""	"733.7666"	""	"4.37e+05"	C	"32965.639"	"46593.95"	"3s2.4p"	"2P*"	"3/2"	"3s2.8d"	"2D"	"5/2"		"u36,LS"	""	
""	"733.8006"	""	"7.28e+04"	E	"32965.639"	"46593.32"	"3s2.4p"	"2P*"	"3/2"	"3s2.8d"	"2D"	"3/2"		"u36,LS"	""	
"736.3596"	"736.3596"	"8"	"2.32e+06"	C+	"32435.453"	"46015.774"	"3s2.3d"	"2D"	"3/2"	"3s2.7f"	"2F*"	"5/2"		"u36,LS"	"L4737"	
""	"736.4324"	""	"1.66e+05"	D	"32436.796"	"46015.774"	"3s2.3d"	"2D"	"5/2"	"3s2.7f"	"2F*"	"5/2"		"u36,LS"	""	
"736.4325"	"736.4324"	"9"	"2.49e+06"	C+	"32436.796"	"46015.774"	"3s2.3d"	"2D"	"5/2"	"3s2.7f"	"2F*"	"7/2"		"u36,LS"	"L4737"	
"755.6242"	"755.6244"	"1"	""		"32949.807"	"46183.895"	"3s2.4p"	"2P*"	"1/2"	"3s2.9s"	"2S"	"1/2"		""	"L4737"	
"756.5296"	"756.5295"	"3"	""		"32965.639"	"46183.895"	"3s2.4p"	"2P*"	"3/2"	"3s2.9s"	"2S"	"1/2"		""	"L4737"	
"760.8253"	"760.8256"	"5"	"4.36e+05"	D	"32949.807"	"46093.424"	"3s2.4p"	"2P*"	"1/2"	"3s2.7d"	"2D"	"3/2"		"u36,LS"	"L4737"	
"761.6916"	"761.6916"	"7"	"5.20e+05"	C	"32965.639"	"46094.312"	"3s2.4p"	"2P*"	"3/2"	"3s2.7d"	"2D"	"5/2"		"u36,LS"	"L4737"	
"761.7435"	"761.7431"	"1"	"8.68e+04"	E	"32965.639"	"46093.424"	"3s2.4p"	"2P*"	"3/2"	"3s2.7d"	"2D"	"3/2"		"u36,LS"	"L4737"	
"783.7465"	"783.7465"	"11"	"3.71e+06"	B	"32435.453"	"45194.681"	"3s2.3d"	"2D"	"3/2"	"3s2.6f"	"2F*"	"5/2"		"u36,LS"	"L4737"	
"783.8290"	"783.8290"	"12*"	"2.65e+05"	C+	"32436.796"	"45194.681"	"3s2.3d"	"2D"	"5/2"	"3s2.6f"	"2F*"	"5/2"		"u36,LS"	"L4737"	
"783.8290"	"783.8290"	"12*"	"3.97e+06"	B+	"32436.796"	"45194.681"	"3s2.3d"	"2D"	"5/2"	"3s2.6f"	"2F*"	"7/2"		"u36,LS"	"L4737"	
"799.5246"	"799.5243"	"5"	""		"32949.807"	"45457.244"	"3s2.4p"	"2P*"	"1/2"	"3s2.8s"	"2S"	"1/2"		""	"L4737"	
"800.5387"	"800.5376"	"7"	""		"32965.639"	"45457.244"	"3s2.4p"	"2P*"	"3/2"	"3s2.8s"	"2S"	"1/2"		""	"L4737"	
"806.8186"	"806.8187"	"6"	"4.42e+05"	C+	"32949.807"	"45344.165"	"3s2.4p"	"2P*"	"1/2"	"3s2.6d"	"2D"	"3/2"		"u36,LS"	"L4737"	
"807.7574"	"807.7574"	"8"	"5.28e+05"	C+	"32965.639"	"45345.594"	"3s2.4p"	"2P*"	"3/2"	"3s2.6d"	"2D"	"5/2"		"u36,LS"	"L4737"	
"807.8510"	"807.8506"	"2"	"8.81e+04"	C	"32965.639"	"45344.165"	"3s2.4p"	"2P*"	"3/2"	"3s2.6d"	"2D"	"3/2"		"u36,LS"	"L4737"	
"877.5275"	"877.5280"	"13"	"6.47e+06"	B+	"32435.453"	"43831.101"	"3s2.3d"	"2D"	"3/2"	"3s2.5f"	"2F*"	"5/2"		"u36,LS"	"L4737"	
"877.6305"	"877.6311"	"14*"	"6.95e+06"	B+	"32436.796"	"43831.105"	"3s2.3d"	"2D"	"5/2"	"3s2.5f"	"2F*"	"7/2"		"u36,LS"	"L4737"	
"877.6305"	"877.6314"	"14*"	"4.62e+05"	C+	"32436.796"	"43831.101"	"3s2.3d"	"2D"	"5/2"	"3s2.5f"	"2F*"	"5/2"		"u36,LS"	"L4737"	
"883.1333"	"883.1327"	"8"	"6.72e+05"	C	"32949.807"	"44273.133"	"3s2.4p"	"2P*"	"1/2"	"3s2.7s"	"2S"	"1/2"		"u36,LS"	"L4737"	
"884.3705"	"884.3693"	"10"	"1.34e+06"	C	"32965.639"	"44273.133"	"3s2.4p"	"2P*"	"3/2"	"3s2.7s"	"2S"	"1/2"		"u36,LS"	"L4737"	
"891.5347"	"891.5365"	"7"	"2.28e+05"	C+	"32949.807"	"44166.398"	"3s2.4p"	"2P*"	"1/2"	"3s2.5d"	"2D"	"3/2"		"u36,LS"	"L4737"	
"892.6005"	"892.6015"	"9"	"2.73e+05"	C+	"32965.639"	"44168.847"	"3s2.4p"	"2P*"	"3/2"	"3s2.5d"	"2D"	"5/2"		"u36,LS"	"L4737"	
"892.7954"	"892.7966"	"4"	"4.54e+04"	C	"32965.639"	"44166.398"	"3s2.4p"	"2P*"	"3/2"	"3s2.5d"	"2D"	"3/2"		"u36,LS"	"L4737"	
"909.2401"	"909.2401"	"5"	""		"56636.933"	"67635.128"	"3s.3p2"	"2P"	"1/2"	"3s.3p.(3P*).3d"	"2D*"	"3/2"		""	"L4737"	
"914.2459"	"914.2457"	"6"	""		"56724.980"	"67662.959"	"3s.3p2"	"2P"	"3/2"	"3s.3p.(3P*).3d"	"2D*"	"5/2"		""	"L4737"	
"916.5776"	"916.5779"	"2"	""		"56724.980"	"67635.128"	"3s.3p2"	"2P"	"3/2"	"3s.3p.(3P*).3d"	"2D*"	"3/2"		""	"L4737"	
"1077.1313"	"1077.1295"	"8"	"1.37e+05"	C+	"32949.807"	"42233.742"	"3s2.4p"	"2P*"	"1/2"	"3s2.4d"	"2D"	"3/2"		"u36,LS"	"L4737"	
"1078.5000"	"1078.4992"	"9"	"1.64e+05"	C+	"32965.639"	"42237.783"	"3s2.4p"	"2P*"	"3/2"	"3s2.4d"	"2D"	"5/2"		"u36,LS"	"L4737"	
"1078.9725"	"1078.9695"	"4"	"2.73e+04"	C	"32965.639"	"42233.742"	"3s2.4p"	"2P*"	"3/2"	"3s2.4d"	"2D"	"3/2"		"u36,LS"	"L4737"	
"1087.5953"	"1087.5944"	"10"	"1.33e+06"	C+	"32949.807"	"42144.411"	"3s2.4p"	"2P*"	"1/2"	"3s2.6s"	"2S"	"1/2"		"u36,LS"	"L4737"	
"1089.4716"	"1089.4704"	"11"	"2.64e+06"	B	"32965.639"	"42144.411"	"3s2.4p"	"2P*"	"3/2"	"3s2.6s"	"2S"	"1/2"		"u36,LS"	"L4737"	
"1125.6270"	"1125.6271"	"630"	"1.30e+07"	A	"32435.453"	"41319.390"	"3s2.3d"	"2D"	"3/2"	"3s2.4f"	"2F*"	"5/2"		"u36,LS"	"L6693"	
"1125.8008"	"1125.7962"	"440d*"	"1.39e+07"	A	"32436.796"	"41319.398"	"3s2.3d"	"2D"	"5/2"	"3s2.4f"	"2F*"	"7/2"		"u36,LS"	"L6693"	
"1125.8008"	"1125.7973"	"440d*"	"9.26e+05"	B	"32436.796"	"41319.390"	"3s2.3d"	"2D"	"5/2"	"3s2.4f"	"2F*"	"5/2"		"u36,LS"	"L6693"	
"1275.1158"	"1275.1150"	"8"	"6.32e+03"	D	"32435.453"	"40277.883"	"3s2.3d"	"2D"	"3/2"	"3s2.5p"	"2P*"	"3/2"		"u36,LS"	"L6693"	
"1275.3397"	"1275.3334"	"13d"	"5.67e+04"	C+	"32436.796"	"40277.883"	"3s2.3d"	"2D"	"5/2"	"3s2.5p"	"2P*"	"3/2"		"u36,LS"	"L6693"	
"1276.0765"	"1276.0758"	"17"	"6.29e+04"	C+	"32435.453"	"40271.978"	"3s2.3d"	"2D"	"3/2"	"3s2.5p"	"2P*"	"1/2"		"u36,LS"	"L6693"	
""	"1312.5893"	""	"1.05e+05"	C	"38929.413"	"46547.942"	"3s2.nd"	"y 2D"	"3/2"	"3s2.8f"	"2F*"	"5/2"		"u36,LS"	""	
"1312.6967"	"1312.7007+"	"71000"	""		"25347.756"	"32965.639"	"3s2.4s"	"2S"	"1/2"	"3s2.4p"	"2P*"	"3/2"		""	"L10321c14"	
"1312.7005"	"1312.7007"	"171000hfs"	"1.60e+07"	A	"25347.756"	"32965.639"	"3s2.4s"	"2S"	"1/2"	"3s2.4p"	"2P*"	"3/2"		"c40"	"L10321c150"	
"1312.7032"	"1312.7007+"	"100000"	""		"25347.756"	"32965.639"	"3s2.4s"	"2S"	"1/2"	"3s2.4p"	"2P*"	"3/2"		""	"L10321c14"	
""	"1313.3746"	""	"7.46e+03"	E	"38933.968"	"46547.942"	"3s2.nd"	"y 2D"	"5/2"	"3s2.8f"	"2F*"	"5/2"		"u36,LS"	""	
""	"1313.3746"	""	"1.12e+05"	C	"38933.968"	"46547.942"	"3s2.nd"	"y 2D"	"5/2"	"3s2.8f"	"2F*"	"7/2"		"u36,LS"	""	
"1315.4305"	"1315.4345+"	"36300"	""		"25347.756"	"32949.807"	"3s2.4s"	"2S"	"1/2"	"3s2.4p"	"2P*"	"1/2"		""	"L10321c14"	
"1315.4350"	"1315.4345"	"86300hfs"	"1.59e+07"	A	"25347.756"	"32949.807"	"3s2.4s"	"2S"	"1/2"	"3s2.4p"	"2P*"	"1/2"		"c40"	"L10321c150"	
"1315.4383"	"1315.4345+"	"50000"	""		"25347.756"	"32949.807"	"3s2.4s"	"2S"	"1/2"	"3s2.4p"	"2P*"	"1/2"		""	"L10321c14"	
"1382.7639"	"1382.766"	"3"	"1.11e+05"	C	"37689.407"	"44921.287"	"3s2.5s"	"2S"	"1/2"	"3s2.7p"	"2P*"	"3/2"		"u36,LS"	"L6693"	
""	"1383.076"	""	"1.11e+05"	D	"37689.407"	"44919.666"	"3s2.5s"	"2S"	"1/2"	"3s2.7p"	"2P*"	"1/2"		"u36,LS"	""	
""	"1411.162"	""	"1.22e+05"	C	"38929.413"	"46015.774"	"3s2.nd"	"y 2D"	"3/2"	"3s2.7f"	"2F*"	"5/2"		"u36,LS"	""	
""	"1412.069"	""	"1.30e+05"	C+	"38933.968"	"46015.774"	"3s2.nd"	"y 2D"	"5/2"	"3s2.7f"	"2F*"	"7/2"		"u36,LS"	""	
""	"1412.069"	""	"8.70e+03"	E	"38933.968"	"46015.774"	"3s2.nd"	"y 2D"	"5/2"	"3s2.7f"	"2F*"	"5/2"		"u36,LS"	""	
""	"1581.943"	""	"6.45e+04"	C	"40271.978"	"46593.32"	"3s2.5p"	"2P*"	"1/2"	"3s2.8d"	"2D"	"3/2"		"u36,LS"	""	
""	"1583.264"	""	"7.72e+04"	C	"40277.883"	"46593.95"	"3s2.5p"	"2P*"	"3/2"	"3s2.8d"	"2D"	"5/2"		"u36,LS"	""	
""	"1583.422"	""	"1.28e+04"	E	"40277.883"	"46593.32"	"3s2.5p"	"2P*"	"3/2"	"3s2.8d"	"2D"	"3/2"		"u36,LS"	""	
"1596.0982"	"1596.101"	"3"	"1.12e+05"	C+	"38929.413"	"45194.681"	"3s2.nd"	"y 2D"	"3/2"	"3s2.6f"	"2F*"	"5/2"		"u36,LS"	"L6693"	
"1597.250"	"1597.262+"	"3"	""		"38933.968"	"45194.681"	"3s2.nd"	"y 2D"	"5/2"	"3s2.6f"	"2F*"	"7/2"		""	"L10321c14"	
"1597.260"	"1597.262+"	"3"	""		"38933.968"	"45194.681"	"3s2.nd"	"y 2D"	"5/2"	"3s2.6f"	"2F*"	"7/2"		""	"L10321c14"	
"1597.261"	"1597.262"	"9hfs"	"1.20e+05"	C+	"38933.968"	"45194.681"	"3s2.nd"	"y 2D"	"5/2"	"3s2.6f"	"2F*"	"7/2"		"u36,LS"	"L10321c150"	
""	"1597.262"	""	"7.97e+03"	C	"38933.968"	"45194.681"	"3s2.nd"	"y 2D"	"5/2"	"3s2.6f"	"2F*"	"5/2"		"u36,LS"	""	
"1597.273"	"1597.262+"	"3"	""		"38933.968"	"45194.681"	"3s2.nd"	"y 2D"	"5/2"	"3s2.6f"	"2F*"	"7/2"		""	"L10321c14"	
""	"1668.927"	""	"7.16e+03"	E	"38929.413"	"44921.287"	"3s2.nd"	"y 2D"	"3/2"	"3s2.7p"	"2P*"	"3/2"		"u36,LS"	""	
""	"1669.379"	""	"7.13e+04"	D	"38929.413"	"44919.666"	"3s2.nd"	"y 2D"	"3/2"	"3s2.7p"	"2P*"	"1/2"		"u36,LS"	""	
""	"1670.197"	""	"6.42e+04"	C	"38933.968"	"44921.287"	"3s2.nd"	"y 2D"	"5/2"	"3s2.7p"	"2P*"	"3/2"		"u36,LS"	""	
"1672.3541"	"1672.351"	"11500"	"9.89e+06"	A	"32949.807"	"38929.413"	"3s2.4p"	"2P*"	"1/2"	"3s2.nd"	"y 2D"	"3/2"		"u36,LS"	"L6693"	
"1675.5004"	"1675.511+"	"13200"	""		"32965.639"	"38933.968"	"3s2.4p"	"2P*"	"3/2"	"3s2.nd"	"y 2D"	"5/2"		""	"L10321c14"	
"1675.5035"	"1675.511+"	"11500"	""		"32965.639"	"38933.968"	"3s2.4p"	"2P*"	"3/2"	"3s2.nd"	"y 2D"	"5/2"		""	"L10321c14"	
"1675.5095"	"1675.511"	"43600hfs"	"1.18e+07"	A	"32965.639"	"38933.968"	"3s2.4p"	"2P*"	"3/2"	"3s2.nd"	"y 2D"	"5/2"		"u36,LS"	"L10321c150"	
"1675.5176"	"1675.511+"	"10000"	""		"32965.639"	"38933.968"	"3s2.4p"	"2P*"	"3/2"	"3s2.nd"	"y 2D"	"5/2"		""	"L10321c14"	
"1675.5218"	"1675.511+"	"8900"	""		"32965.639"	"38933.968"	"3s2.4p"	"2P*"	"3/2"	"3s2.nd"	"y 2D"	"5/2"		""	"L10321c14"	
"1676.7948"	"1676.791"	"2300"	"1.96e+06"	B+	"32965.639"	"38929.413"	"3s2.4p"	"2P*"	"3/2"	"3s2.nd"	"y 2D"	"3/2"		"u36,LS"	"L6693"	
""	"1717.786"	""	"6.04e+04"	C	"40271.978"	"46093.424"	"3s2.5p"	"2P*"	"1/2"	"3s2.7d"	"2D"	"3/2"		"u36,LS"	""	
""	"1719.268"	""	"7.22e+04"	C	"40277.883"	"46094.312"	"3s2.5p"	"2P*"	"3/2"	"3s2.7d"	"2D"	"5/2"		"u36,LS"	""	
""	"1719.530"	""	"1.20e+04"	D	"40277.883"	"46093.424"	"3s2.5p"	"2P*"	"3/2"	"3s2.7d"	"2D"	"3/2"		"u36,LS"	""	
"1770.3885"	"1770.387"	"65"	"3.30e+05"	B	"37689.407"	"43337.889"	"3s2.5s"	"2S"	"1/2"	"3s2.6p"	"2P*"	"3/2"		"u36,LS"	"L6693"	
"1771.2872"	"1771.286"	"30"	"3.30e+05"	C+	"37689.407"	"43335.024"	"3s2.5s"	"2S"	"1/2"	"3s2.6p"	"2P*"	"1/2"		"u36,LS"	"L6693"	
"1928.541"	"1928.541"	"1"	"1.83e+05"	C+	"40271.978"	"45457.244"	"3s2.5p"	"2P*"	"1/2"	"3s2.8s"	"2S"	"1/2"		"u36,LS"	"L6693"	
"1930.740"	"1930.740"	"3"	"3.65e+05"	C+	"40277.883"	"45457.244"	"3s2.5p"	"2P*"	"3/2"	"3s2.8s"	"2S"	"1/2"		"u36,LS"	"L6693"	
""	"1971.536"	""	"2.93e+04"	C+	"40271.978"	"45344.165"	"3s2.5p"	"2P*"	"1/2"	"3s2.6d"	"2D"	"3/2"		"u36,LS"	""	
""	"1973.277"	""	"3.51e+04"	C+	"40277.883"	"45345.594"	"3s2.5p"	"2P*"	"3/2"	"3s2.6d"	"2D"	"5/2"		"u36,LS"	""	
""	"1973.834"	""	"5.84e+03"	C	"40277.883"	"45344.165"	"3s2.5p"	"2P*"	"3/2"	"3s2.6d"	"2D"	"3/2"		"u36,LS"	""	
