obs_wl_vac(nm)	unc_obs_wl	ritz_wl_vac(nm)	intens	Aki(s^-1)	Acc	Ei(cm-1)	Ek(cm-1)	conf_i	term_i	J_i	conf_k	term_k	J_k	Type	tp_ref	line_ref	
"78.0390"	"0.0015"	"78.03935+"	"15"	""		"0.000"	"128140.48"	"2s2.2p5"	"2P*"	"3/2"	"2s2.2p4.(3P).3d"	"2D"	"5/2"		""	"L7481"	
"78.0519"	"0.0030"	"78.05422+"	"10*"	""		"404.141"	"128520.22"	"2s2.2p5"	"2P*"	"1/2"	"2s2.2p4.(3P).3d"	"2P"	"1/2"		""	"L7481"	
"78.0519"	"0.0030"	"78.05235+"	"10*"	""		"404.141"	"128523.28"	"2s2.2p5"	"2P*"	"1/2"	"2s2.2p4.(3P).3d"	"4P"	"3/2"		""	"L7481"	
"78.0519"	"0.0030"	"78.05017+"	"10*"	""		"0.000"	"128122.72"	"2s2.2p5"	"2P*"	"3/2"	"2s2.2p4.(3P).3d"	"4D"	"3/2"		""	"L7481"	
"78.2378"	"0.0015"	"78.23766+"	"10"	""		"404.141"	"128219.83"	"2s2.2p5"	"2P*"	"1/2"	"2s2.2p4.(3P).3d"	"2D"	"3/2"		""	"L7481"	
"79.1875"	"0.0015"	"79.18749+"	"12"	""		"0.000"	"126282.58"	"2s2.2p5"	"2P*"	"3/2"	"2s2.2p4.(3P).4s"	"2P"	"3/2"		""	"L7481"	
"79.2536"	"0.0015"	"79.25372+"	"10"	""		"404.141"	"126581.18"	"2s2.2p5"	"2P*"	"1/2"	"2s2.2p4.(3P).4s"	"2P"	"1/2"		""	"L7481"	
"79.4417"	"0.0030"	"79.44172+"	"10*"	""		"404.141"	"126282.58"	"2s2.2p5"	"2P*"	"1/2"	"2s2.2p4.(3P).4s"	"2P"	"3/2"		""	"L7481"	
"79.4417"	"0.0030"	"79.44245+"	"10*"	""		"0.000"	"125877.28"	"2s2.2p5"	"2P*"	"3/2"	"2s2.2p4.(3P).4s"	"4P"	"3/2"		""	"L7481"	
"80.6970"	"0.0005"	"80.696474+"	"150*"	""		"0.000"	"123921.152"	"2s2.2p5"	"2P*"	"3/2"	"2s2.2p4.(1D).3s"	"2D"	"3/2"		""	"L7481"	
"80.6970"	"0.0005"	"80.697051+"	"150*"	"3.13e+08"	B	"0.000"	"123920.265"	"2s2.2p5"	"2P*"	"3/2"	"2s2.2p4.(1D).3s"	"2D"	"5/2"		"T7663,T2177"	"L7481"	
"80.9607"	"0.0005"	"80.960508+"	"125"	"2.64e+08"	B	"404.141"	"123921.152"	"2s2.2p5"	"2P*"	"1/2"	"2s2.2p4.(1D).3s"	"2D"	"3/2"		"T7663,T2177"	"L7481"	
"95.1871"	"0.0003"	"95.18707+"	"500"	"2.42e+08"	B+	"0.000"	"105056.28"	"2s2.2p5"	"2P*"	"3/2"	"2s2.2p4.(3P).3s"	"2P"	"1/2"		"T7663,T7574"	"L7481"	
"95.4825"	"0.0003"	"95.48267+"	"1000"	"5.98e+08"	B+	"0.000"	"104731.05"	"2s2.2p5"	"2P*"	"3/2"	"2s2.2p4.(3P).3s"	"2P"	"3/2"		"T7663,T7574"	"L7481"	
"95.5545"	"0.0003"	"95.55466+"	"750"	"4.74e+08"	B+	"404.141"	"105056.28"	"2s2.2p5"	"2P*"	"1/2"	"2s2.2p4.(3P).3s"	"2P"	"1/2"		"T7663,T7574"	"L7481"	
"95.8524"	"0.0003"	"95.85255+"	"500"	"1.15e+08"	B+	"404.141"	"104731.05"	"2s2.2p5"	"2P*"	"1/2"	"2s2.2p4.(3P).3s"	"2P"	"3/2"		"T7663,T7574"	"L7481"	
"97.2401"	"0.0003"	"97.23807+"	"20"	""		"0.000"	"102840.38"	"2s2.2p5"	"2P*"	"3/2"	"2s2.2p4.(3P).3s"	"4P"	"1/2"		""	"L7481"	
"97.3895"	"0.0003"	"97.38953+"	"350"	""		"0.000"	"102680.44"	"2s2.2p5"	"2P*"	"3/2"	"2s2.2p4.(3P).3s"	"4P"	"3/2"		""	"L7481"	
"97.6217"	"0.0003"	"97.62170+"	"100"	""		"404.141"	"102840.38"	"2s2.2p5"	"2P*"	"1/2"	"2s2.2p4.(3P).3s"	"4P"	"1/2"		""	"L7481"	
"97.6505"	"0.0003"	"97.65080+"	"40"	""		"0.000"	"102405.71"	"2s2.2p5"	"2P*"	"3/2"	"2s2.2p4.(3P).3s"	"4P"	"5/2"		""	"L7481"	
"97.7745"	"0.0003"	"97.77436+"	"100"	""		"404.141"	"102680.44"	"2s2.2p5"	"2P*"	"1/2"	"2s2.2p4.(3P).3s"	"4P"	"3/2"		""	"L7481"	
"359.5129"	"0.0010"	"359.5129+"	"6"	""		"102405.71"	"130221.12"	"2s2.2p4.(3P).3s"	"4P"	"5/2"	"2s2.2p4.(3P).4p"	"4S*"	"3/2"		""	"L7481"	
"366.9219"	"0.0010"	"366.9214+"	"12"	""		"102405.71"	"129659.50"	"2s2.2p4.(3P).3s"	"4P"	"5/2"	"2s2.2p4.(3P).4p"	"4D*"	"7/2"		""	"L7481"	
"389.9582"	"0.0010"	"389.9577+"	"5"	""		"104731.05"	"130374.86"	"2s2.2p4.(3P).3s"	"2P"	"3/2"	"2s2.2p4.(3P).4p"	"2P*"	"3/2"		""	"L7481"	
"393.1802"	"0.0010"	"393.1799+"	"8"	""		"105056.28"	"130489.93"	"2s2.2p4.(3P).3s"	"2P"	"1/2"	"2s2.2p4.(3P).4p"	"2P*"	"1/2"		""	"L7481"	
"393.5376"	"0.0010"	"393.5366+"	"5"	""		"104731.05"	"130141.65"	"2s2.2p4.(3P).3s"	"2P"	"3/2"	"2s2.2p4.(3P).4p"	"2D*"	"3/2"		""	"L7481"	
"394.9681"	"0.0010"	"394.9669+"	"5"	""		"105056.28"	"130374.86"	"2s2.2p4.(3P).3s"	"2P"	"1/2"	"2s2.2p4.(3P).4p"	"2P*"	"3/2"		""	"L7481"	
"496.203"	"0.003"	"496.205+"	"6"	""		"115917.91"	"136070.88"	"2s2.2p4.(3P).3p"	"4P*"	"5/2"	"2s2.2p4.(3P).5d"	"4D"	"7/2"		""	"L7481"	
"523.187"	"0.003"	"523.186+"	"15"	""		"116987.39"	"136101.06"	"2s2.2p4.(3P).3p"	"4D*"	"7/2"	"2s2.2p4.(3P).5d"	"4F"	"9/2"		""	"L7481"	
"528.048"	"0.003"	"528.049+"	"12"	""		"117164.01"	"136101.65"	"2s2.2p4.(3P).3p"	"4D*"	"5/2"	"2s2.2p4.(3P).5d"	"2F"	"7/2"		""	"L7481"	
"554.206"	"0.003"	"554.205+"	"18"	""		"116040.88"	"134084.75"	"2s2.2p4.(3P).3p"	"4P*"	"3/2"	"2s2.2p4.(3P).4d"	"2F"	"5/2"		""	"L7481"	
"555.397"	"0.003"	"555.396+"	"12"	""		"115917.91"	"133923.07"	"2s2.2p4.(3P).3p"	"4P*"	"5/2"	"2s2.2p4.(3P).4d"	"4F"	"7/2"		""	"L7481"	
"557.888"	"0.003"	"557.886+"	"10"	""		"116040.88"	"133965.68"	"2s2.2p4.(3P).3p"	"4P*"	"3/2"	"2s2.2p4.(3P).4d"	"4P"	"5/2"		""	"L7481"	
"562.562"	"0.003"	"562.559+"	"20"	""		"116143.58"	"133919.49"	"2s2.2p4.(3P).3p"	"4P*"	"1/2"	"2s2.2p4.(3P).4d"	"4P"	"3/2"		""	"L7481"	
"562.849"	"0.003"	"562.847+"	"12"	""		"116143.58"	"133910.39"	"2s2.2p4.(3P).3p"	"4P*"	"1/2"	"2s2.2p4.(3P).4d"	"2P"	"1/2"		""	"L7481"	
"566.072"	"0.003"	"566.070+"	"15"	""		"115917.91"	"133583.57"	"2s2.2p4.(3P).3p"	"4P*"	"5/2"	"2s2.2p4.(3P).4d"	"2D"	"5/2"		""	"L7481"	
"566.9105"	"0.0010"	"566.909+"	"40"	""		"115917.91"	"133557.43"	"2s2.2p4.(3P).3p"	"4P*"	"5/2"	"2s2.2p4.(3P).4d"	"4D"	"5/2"		""	"L7481"	
"567.3242"	"0.0010"	"567.323+"	"90"	""		"115917.91"	"133544.54"	"2s2.2p4.(3P).3p"	"4P*"	"5/2"	"2s2.2p4.(3P).4d"	"4D"	"7/2"		""	"L7481"	
"569.072"	"0.003"	"569.070+"	"18"	""		"116040.88"	"133613.41"	"2s2.2p4.(3P).3p"	"4P*"	"3/2"	"2s2.2p4.(3P).4d"	"4D"	"1/2"		""	"L7481"	
"570.240"	"0.003"	"570.239+"	"25"	""		"116040.88"	"133577.40"	"2s2.2p4.(3P).3p"	"4P*"	"3/2"	"2s2.2p4.(3P).4d"	"4D"	"3/2"		""	"L7481"	
"570.889"	"0.003"	"570.889+"	"25"	""		"116040.88"	"133557.43"	"2s2.2p4.(3P).3p"	"4P*"	"3/2"	"2s2.2p4.(3P).4d"	"4D"	"5/2"		""	"L7481"	
"595.1795"	"0.0010"	"595.179+"	"12"	""		"117164.01"	"133965.68"	"2s2.2p4.(3P).3p"	"4D*"	"5/2"	"2s2.2p4.(3P).4d"	"4P"	"5/2"		""	"L7481"	
"596.0838"	"0.0010"	"596.083+"	"25"	""		"117308.56"	"134084.75"	"2s2.2p4.(3P).3p"	"4D*"	"3/2"	"2s2.2p4.(3P).4d"	"2F"	"5/2"		""	"L7481"	
"596.693"	"0.003"	"596.692+"	"70"	""		"117164.01"	"133923.07"	"2s2.2p4.(3P).3p"	"4D*"	"5/2"	"2s2.2p4.(3P).4d"	"4F"	"7/2"		""	"L7481"	
"599.6085"	"0.0010"	"599.607+"	"50"	""		"115917.91"	"132595.50"	"2s2.2p4.(3P).3p"	"4P*"	"5/2"	"2s2.2p4.(3P).5s"	"4P"	"5/2"		""	"L7481"	
"601.7494"	"0.0002"	"601.749+"	"150"	""		"116987.39"	"133605.61"	"2s2.2p4.(3P).3p"	"4D*"	"7/2"	"2s2.2p4.(3P).4d"	"4F"	"9/2"		""	"L7481"	
"603.971"	"0.003"	"603.969+"	"80"	""		"116987.39"	"133544.54"	"2s2.2p4.(3P).3p"	"4D*"	"7/2"	"2s2.2p4.(3P).4d"	"4D"	"7/2"		""	"L7481"	
"604.921"	"0.003"	"604.921+"	"900"	"2.36e+05"	C	"102405.71"	"118936.80"	"2s2.2p4.(3P).3s"	"4P"	"5/2"	"2s2.2p4.(3P).3p"	"2P*"	"3/2"		"T7043"	"L7481"	
"608.1796"	"0.0002"	"608.180+"	"100"	""		"117164.01"	"133606.51"	"2s2.2p4.(3P).3p"	"4D*"	"5/2"	"2s2.2p4.(3P).4d"	"2F"	"7/2"		""	"L7481"	
"615.146"	"0.003"	"615.144+"	"800"	"1.90e+05"	C	"102680.44"	"118936.80"	"2s2.2p4.(3P).3s"	"4P"	"3/2"	"2s2.2p4.(3P).3p"	"2P*"	"3/2"		"T7043"	"L7481"	
"621.259"	"0.003"	"621.256+"	"400"	"9.2e+04"	C	"102840.38"	"118936.80"	"2s2.2p4.(3P).3s"	"4P"	"1/2"	"2s2.2p4.(3P).3p"	"2P*"	"3/2"		"T7043"	"L7481"	
"624.1377"	"0.0002"	"624.138+"	"13000"	"2.90e+07"	C+	"102405.71"	"118427.82"	"2s2.2p4.(3P).3s"	"4P"	"5/2"	"2s2.2p4.(3P).3p"	"4S*"	"3/2"		"T7043"	"L7481"	
"635.0263"	"0.0002"	"635.026+"	"10000"	"2.32e+07"	C+	"102680.44"	"118427.82"	"2s2.2p4.(3P).3s"	"4P"	"3/2"	"2s2.2p4.(3P).3p"	"4S*"	"3/2"		"T7043"	"L7481"	
"641.5424"	"0.0002"	"641.542+"	"8000"	"1.36e+07"	C+	"102840.38"	"118427.82"	"2s2.2p4.(3P).3s"	"4P"	"1/2"	"2s2.2p4.(3P).3p"	"4S*"	"3/2"		"T7043"	"L7481"	
"646.529"	"0.0030"	"646.529+"	"700"	"3.97e+04"	C	"102405.71"	"117872.92"	"2s2.2p4.(3P).3s"	"4P"	"5/2"	"2s2.2p4.(3P).3p"	"2D*"	"3/2"		"T7043"	"L7481"	
"657.1509"	"0.0002"	"657.151+"	"450"	"3.86e+05"	C+	"102405.71"	"117622.92"	"2s2.2p4.(3P).3s"	"4P"	"5/2"	"2s2.2p4.(3P).3p"	"2D*"	"5/2"		"T7043"	"L7481"	
"658.2207"	"0.0002"	"658.220+"	"300"	"2.51e+05"	C+	"102680.44"	"117872.92"	"2s2.2p4.(3P).3s"	"4P"	"3/2"	"2s2.2p4.(3P).3p"	"2D*"	"3/2"		"T7043"	"L7481"	
"665.2241"	"0.0002"	"665.224+"	"400"	"3.49e+05"	C+	"102840.38"	"117872.92"	"2s2.2p4.(3P).3s"	"4P"	"1/2"	"2s2.2p4.(3P).3p"	"2D*"	"3/2"		"T7043"	"L7481"	
"669.2328"	"0.0002"	"669.233+"	"1800"	"1.46e+06"	C	"102680.44"	"117622.92"	"2s2.2p4.(3P).3s"	"4P"	"3/2"	"2s2.2p4.(3P).3p"	"2D*"	"5/2"		"T7043"	"L7481"	
"671.0134"	"0.0002"	"671.013+"	"400"	"1.09e+06"	C+	"102405.71"	"117308.56"	"2s2.2p4.(3P).3s"	"4P"	"5/2"	"2s2.2p4.(3P).3p"	"4D*"	"3/2"		"T7043"	"L7481"	
"677.5854"	"0.0002"	"677.585+"	"7000"	"9.6e+06"	C+	"102405.71"	"117164.01"	"2s2.2p4.(3P).3s"	"4P"	"5/2"	"2s2.2p4.(3P).3p"	"4D*"	"5/2"		"T7043"	"L7481"	
"679.7403"	"0.0002"	"679.740+"	"1500"	"5.89e+06"	C+	"102680.44"	"117391.95"	"2s2.2p4.(3P).3s"	"4P"	"3/2"	"2s2.2p4.(3P).3p"	"4D*"	"1/2"		"T7043"	"L7481"	
"683.6150"	"0.0002"	"683.615+"	"9000"	"2.18e+07"	C+	"102680.44"	"117308.56"	"2s2.2p4.(3P).3s"	"4P"	"3/2"	"2s2.2p4.(3P).3p"	"4D*"	"3/2"		"T7043"	"L7481"	
"685.7922"	"0.0002"	"685.792+"	"50000"	"4.87e+07"	C+	"102405.71"	"116987.39"	"2s2.2p4.(3P).3s"	"4P"	"5/2"	"2s2.2p4.(3P).3p"	"4D*"	"7/2"		"T7043"	"L7481"	
"687.2111"	"0.0002"	"687.211+"	"8000"	"4.01e+07"	C+	"102840.38"	"117391.95"	"2s2.2p4.(3P).3s"	"4P"	"1/2"	"2s2.2p4.(3P).3p"	"4D*"	"1/2"		"T7043"	"L7481"	
"690.4379"	"0.0002"	"690.438+"	"15000"	"3.51e+07"	C+	"102680.44"	"117164.01"	"2s2.2p4.(3P).3s"	"4P"	"3/2"	"2s2.2p4.(3P).3p"	"4D*"	"5/2"		"T7043"	"L7481"	
"691.1722"	"0.0002"	"691.172+"	"6000"	"2.07e+07"	C+	"102840.38"	"117308.56"	"2s2.2p4.(3P).3s"	"4P"	"1/2"	"2s2.2p4.(3P).3p"	"4D*"	"3/2"		"T7043"	"L7481"	
"696.8270"	"0.0002"	"696.827+"	"4000"	"6.6e+06"	C	"104731.05"	"119081.82"	"2s2.2p4.(3P).3s"	"2P"	"3/2"	"2s2.2p4.(3P).3p"	"2P*"	"1/2"		"T7043"	"L7481"	
"703.9410"	"0.0002"	"703.940+"	"45000"	"4.23e+07"	C	"104731.05"	"118936.80"	"2s2.2p4.(3P).3s"	"2P"	"3/2"	"2s2.2p4.(3P).3p"	"2P*"	"3/2"		"T7043"	"L7481"	
"712.9855"	"0.0002"	"712.985+"	"30000"	"5.03e+07"	C+	"105056.28"	"119081.82"	"2s2.2p4.(3P).3s"	"2P"	"1/2"	"2s2.2p4.(3P).3p"	"2P*"	"1/2"		"T7043"	"L7481"	
"720.4345"	"0.0002"	"720.434+"	"15000"	"1.49e+07"	C+	"105056.28"	"118936.80"	"2s2.2p4.(3P).3s"	"2P"	"1/2"	"2s2.2p4.(3P).3p"	"2P*"	"3/2"		"T7043"	"L7481"	
"730.099"	"0.0030"	"730.099+"	"1500"	"2.74e+05"	C	"104731.05"	"118427.82"	"2s2.2p4.(3P).3s"	"2P"	"3/2"	"2s2.2p4.(3P).3p"	"4S*"	"3/2"		"T7043"	"L7481"	
"731.1047"	"0.0002"	"731.1046+"	"1000"	"5.23e+07"	C+	"123920.265"	"137598.198"	"2s2.2p4.(1D).3s"	"2D"	"5/2"	"2s2.2p4.(1D).3p"	"2F*"	"7/2"		"T5121n"	"L7481"	
"731.3033"	"0.0002"	"731.303+"	"15000"	"4.50e+07"	C+	"104731.05"	"118405.27"	"2s2.2p4.(3P).3s"	"2P"	"3/2"	"2s2.2p4.(3P).3p"	"2S*"	"1/2"		"T7043"	"L7481"	
"731.6318"	"0.0002"	"731.6318+"	"700"	"5.27e+07"	C+	"123921.152"	"137589.229"	"2s2.2p4.(1D).3s"	"2D"	"3/2"	"2s2.2p4.(1D).3p"	"2F*"	"5/2"		"T5121n"	"L7481"	
"733.3977"	"0.0002"	"733.398+"	"5000"	"2.42e+07"	C	"102405.71"	"116040.88"	"2s2.2p4.(3P).3s"	"4P"	"5/2"	"2s2.2p4.(3P).3p"	"4P*"	"3/2"		"T7043"	"L7481"	
"740.0726"	"0.0002"	"740.072+"	"10000"	"3.53e+07"	C	"102405.71"	"115917.91"	"2s2.2p4.(3P).3s"	"4P"	"5/2"	"2s2.2p4.(3P).3p"	"4P*"	"5/2"		"T7043"	"L7481"	
"742.7690"	"0.0002"	"742.769+"	"4000"	"3.93e+07"	C	"102680.44"	"116143.58"	"2s2.2p4.(3P).3s"	"4P"	"3/2"	"2s2.2p4.(3P).3p"	"4P*"	"1/2"		"T7043"	"L7481"	
"747.860"	"0.0030"	"747.857+"	"700"	"5.15e+05"	C	"105056.28"	"118427.82"	"2s2.2p4.(3P).3s"	"2P"	"1/2"	"2s2.2p4.(3P).3p"	"4S*"	"3/2"		"T7043"	"L7481"	
"748.4784"	"0.0002"	"748.478+"	"2200"	"6.49e+06"	C+	"102680.44"	"116040.88"	"2s2.2p4.(3P).3s"	"4P"	"3/2"	"2s2.2p4.(3P).3p"	"4P*"	"3/2"		"T7043"	"L7481"	
"749.1217"	"0.0002"	"749.120+"	"2500"	"5.48e+06"	C+	"105056.28"	"118405.27"	"2s2.2p4.(3P).3s"	"2P"	"1/2"	"2s2.2p4.(3P).3p"	"2S*"	"1/2"		"T7043"	"L7481"	
"751.6988"	"0.0002"	"751.699+"	"900"	"6.54e+06"	C	"102840.38"	"116143.58"	"2s2.2p4.(3P).3s"	"4P"	"1/2"	"2s2.2p4.(3P).3p"	"4P*"	"1/2"		"T7043"	"L7481"	
"755.4314"	"0.0002"	"755.431+"	"5000"	"8.9e+06"	C+	"102680.44"	"115917.91"	"2s2.2p4.(3P).3s"	"4P"	"3/2"	"2s2.2p4.(3P).3p"	"4P*"	"5/2"		"T7043"	"L7481"	
"757.5469"	"0.0002"	"757.547+"	"5000"	"1.32e+07"	C	"102840.38"	"116040.88"	"2s2.2p4.(3P).3s"	"4P"	"1/2"	"2s2.2p4.(3P).3p"	"4P*"	"3/2"		"T7043"	"L7481"	
"760.9264"	"0.0002"	"760.927+"	"7000"	"9.0e+06"	C+	"104731.05"	"117872.92"	"2s2.2p4.(3P).3s"	"2P"	"3/2"	"2s2.2p4.(3P).3p"	"2D*"	"3/2"		"T7043"	"L7481"	
"775.6830"	"0.0002"	"775.683+"	"18000"	"3.23e+07"	C+	"104731.05"	"117622.92"	"2s2.2p4.(3P).3s"	"2P"	"3/2"	"2s2.2p4.(3P).3p"	"2D*"	"5/2"		"T7043"	"L7481"	
"780.236631"	"0.000018"	"780.236+"	"15000"	"2.52e+07"	C+	"105056.28"	"117872.92"	"2s2.2p4.(3P).3s"	"2P"	"1/2"	"2s2.2p4.(3P).3p"	"2D*"	"3/2"		"T7043"	"L9692,L7481"	
"782.474"	"0.0030"	"782.474+"	"800"	"1.92e+06"	C+	"115917.91"	"128697.89"	"2s2.2p4.(3P).3p"	"4P*"	"5/2"	"2s2.2p4.(3P).3d"	"2F"	"5/2"		"T7043"	"L7481"	
"788.135"	"0.0030"	"788.135+"	"300"	"3.56e+06"	C+	"115917.91"	"128606.09"	"2s2.2p4.(3P).3p"	"4P*"	"5/2"	"2s2.2p4.(3P).3d"	"4P"	"5/2"		"T7043"	"L7481"	
"790.0761"	"0.0002"	"790.076+"	"500"	"1.22e+07"	C	"116040.88"	"128697.89"	"2s2.2p4.(3P).3p"	"4P*"	"3/2"	"2s2.2p4.(3P).3d"	"2F"	"5/2"		"T7043"	"L7481"	
"793.311"	"0.0030"	"793.313+"	"2200"	"2.90e+06"	C+	"115917.91"	"128523.28"	"2s2.2p4.(3P).3p"	"4P*"	"5/2"	"2s2.2p4.(3P).3d"	"4P"	"3/2"		"T7043"	"L7481"	
"793.8497"	"0.0002"	"793.850+"	"350"	"2.76e+06"	C+	"115917.91"	"128514.75"	"2s2.2p4.(3P).3p"	"4P*"	"5/2"	"2s2.2p4.(3P).3d"	"4F"	"7/2"		"T7043"	"L7481"	
"795.628"	"0.0030"	"795.626+"	"600"	"2.20e+06"	C+	"116143.58"	"128712.30"	"2s2.2p4.(3P).3p"	"4P*"	"1/2"	"2s2.2p4.(3P).3d"	"2P"	"3/2"		"T7043"	"L7481"	
"795.851"	"0.0030"	"795.848+"	"300"	"3.29e+06"	C+	"116040.88"	"128606.09"	"2s2.2p4.(3P).3p"	"4P*"	"3/2"	"2s2.2p4.(3P).3d"	"4P"	"5/2"		"T7043"	"L7481"	
"804.3142"	"0.0002"	"804.314+"	"1000"	"1.43e+06"	C+	"104731.05"	"117164.01"	"2s2.2p4.(3P).3s"	"2P"	"3/2"	"2s2.2p4.(3P).3p"	"4D*"	"5/2"		"T7043"	"L7481"	
"807.7740"	"0.0002"	"807.774+"	"900"	"1.41e+07"	C+	"116143.58"	"128523.28"	"2s2.2p4.(3P).3p"	"4P*"	"1/2"	"2s2.2p4.(3P).3d"	"4P"	"3/2"		"T7043"	"L7481"	
"807.9742"	"0.0002"	"807.974+"	"350"	"1.14e+07"	C+	"116143.58"	"128520.22"	"2s2.2p4.(3P).3p"	"4P*"	"1/2"	"2s2.2p4.(3P).3d"	"2P"	"1/2"		"T7043"	"L7481"	
"812.879"	"0.0030"	"812.881+"	"350"	"3.92e+06"	C+	"115917.91"	"128219.83"	"2s2.2p4.(3P).3p"	"4P*"	"5/2"	"2s2.2p4.(3P).3d"	"2D"	"3/2"		"T7043"	"L7481"	
"813.150"	"0.0030"	"813.151+"	"600"	"1.29e+07"	C	"116040.88"	"128338.72"	"2s2.2p4.(3P).3p"	"4P*"	"3/2"	"2s2.2p4.(3P).3d"	"4P"	"1/2"		"T7043"	"L7481"	
"816.175"	"0.0030"	"816.175+"	"300"	"3.29e+05"	C+	"105056.28"	"117308.56"	"2s2.2p4.(3P).3s"	"2P"	"1/2"	"2s2.2p4.(3P).3p"	"4D*"	"3/2"		"T7043"	"L7481"	
"818.1588"	"0.0002"	"818.159+"	"600"	"6.0e+06"	C	"115917.91"	"128140.48"	"2s2.2p4.(3P).3p"	"4P*"	"5/2"	"2s2.2p4.(3P).3d"	"2D"	"5/2"		"T7043"	"L7481"	
"819.3493"	"0.0002"	"819.349+"	"300"	"4.26e+06"	C	"115917.91"	"128122.72"	"2s2.2p4.(3P).3p"	"4P*"	"5/2"	"2s2.2p4.(3P).3d"	"4D"	"3/2"		"T7043"	"L7481"	
"819.9988"	"0.0002"	"819.999+"	"600"	"3.32e+06"	C+	"116143.58"	"128338.72"	"2s2.2p4.(3P).3p"	"4P*"	"1/2"	"2s2.2p4.(3P).3d"	"4P"	"1/2"		"T7043"	"L7481"	
"821.0891"	"0.0002"	"821.089+"	"350"	"5.49e+06"	C	"116040.88"	"128219.83"	"2s2.2p4.(3P).3p"	"4P*"	"3/2"	"2s2.2p4.(3P).3d"	"2D"	"3/2"		"T7043"	"L7481"	
"821.6984"	"0.0002"	"821.698+"	"2500"	"1.48e+07"	C+	"115917.91"	"128087.83"	"2s2.2p4.(3P).3p"	"4P*"	"5/2"	"2s2.2p4.(3P).3d"	"4D"	"5/2"		"T7043"	"L7481"	
"823.3036"	"0.0002"	"823.303+"	"3000"	"3.79e+07"	C+	"115917.91"	"128064.10"	"2s2.2p4.(3P).3p"	"4P*"	"5/2"	"2s2.2p4.(3P).3d"	"4D"	"7/2"		"T7043"	"L7481"	
"823.445"	"0.0030"	"823.444+"	"500"	"1.08e+07"	C+	"116040.88"	"128184.99"	"2s2.2p4.(3P).3p"	"4P*"	"3/2"	"2s2.2p4.(3P).3d"	"4D"	"1/2"		"T7043"	"L7481"	
"827.6889"	"0.0002"	"827.688+"	"1500"	"1.95e+07"	C	"116040.88"	"128122.72"	"2s2.2p4.(3P).3p"	"4P*"	"3/2"	"2s2.2p4.(3P).3d"	"4D"	"3/2"		"T7043"	"L7481"	
"830.0862"	"0.0002"	"830.086+"	"2000"	"1.60e+07"	C+	"116040.88"	"128087.83"	"2s2.2p4.(3P).3p"	"4P*"	"3/2"	"2s2.2p4.(3P).3d"	"4D"	"5/2"		"T7043"	"L7481"	
"830.468"	"0.0030"	"830.468+"	"600"	"1.94e+07"	C	"116143.58"	"128184.99"	"2s2.2p4.(3P).3p"	"4P*"	"1/2"	"2s2.2p4.(3P).3d"	"4D"	"1/2"		"T7043"	"L7481"	
"834.7850"	"0.0002"	"834.784+"	"1200"	"6.06e+06"	C+	"116143.58"	"128122.72"	"2s2.2p4.(3P).3p"	"4P*"	"1/2"	"2s2.2p4.(3P).3d"	"4D"	"3/2"		"T7043"	"L7481"	
"860.683"	"0.0030"	"860.681+"	"14"	"8.5e+04"	C	"116987.39"	"128606.09"	"2s2.2p4.(3P).3p"	"4D*"	"7/2"	"2s2.2p4.(3P).3d"	"4P"	"5/2"		"T7043"	"L7481"	
"867.500"	"0.0030"	"867.501+"	"350"	"5.61e+05"	C+	"116987.39"	"128514.75"	"2s2.2p4.(3P).3p"	"4D*"	"7/2"	"2s2.2p4.(3P).3d"	"4F"	"7/2"		"T7043"	"L7481"	
"873.9670"	"0.0002"	"873.967+"	"1400"	"2.74e+06"	C	"117164.01"	"128606.09"	"2s2.2p4.(3P).3p"	"4D*"	"5/2"	"2s2.2p4.(3P).3d"	"4P"	"5/2"		"T7043"	"L7481"	
"876.902"	"0.0030"	"876.905+"	"100"	"1.00e+06"	C	"117308.56"	"128712.30"	"2s2.2p4.(3P).3p"	"4D*"	"3/2"	"2s2.2p4.(3P).3d"	"2P"	"3/2"		"T7043"	"L7481"	
"878.014"	"0.0030"	"878.015+"	"1200"	"6.02e+06"	C+	"117308.56"	"128697.89"	"2s2.2p4.(3P).3p"	"4D*"	"3/2"	"2s2.2p4.(3P).3d"	"2F"	"5/2"		"T7043"	"L7481"	
"880.178"	"0.0030"	"880.178+"	"700"	"4.06e+06"	C+	"117164.01"	"128525.35"	"2s2.2p4.(3P).3p"	"4D*"	"5/2"	"2s2.2p4.(3P).3d"	"4F"	"5/2"		"T7043"	"L7481"	
"881.0001"	"0.0002"	"881.000+"	"900"	"2.05e+07"	C+	"117164.01"	"128514.75"	"2s2.2p4.(3P).3p"	"4D*"	"5/2"	"2s2.2p4.(3P).3d"	"4F"	"7/2"		"T7043"	"L7481"	
"883.3657"	"0.0002"	"883.365+"	"1000"	"8.6e+06"	C+	"117391.95"	"128712.30"	"2s2.2p4.(3P).3p"	"4D*"	"1/2"	"2s2.2p4.(3P).3d"	"2P"	"3/2"		"T7043"	"L7481"	
"884.6931"	"0.0002"	"884.693+"	"1200"	"7.3e+06"	C+	"117308.56"	"128611.92"	"2s2.2p4.(3P).3p"	"4D*"	"3/2"	"2s2.2p4.(3P).3d"	"4F"	"3/2"		"T7043"	"L7481"	
"885.149"	"0.0030"	"885.149+"	"700"	"3.05e+06"	C+	"117308.56"	"128606.09"	"2s2.2p4.(3P).3p"	"4D*"	"3/2"	"2s2.2p4.(3P).3d"	"4P"	"5/2"		"T7043"	"L7481"	
"890.336"	"0.0030"	"890.334+"	"1000"	"4.64e+07"	C+	"116987.39"	"128219.13"	"2s2.2p4.(3P).3p"	"4D*"	"7/2"	"2s2.2p4.(3P).3d"	"4F"	"9/2"		"T7043"	"L7481"	
"891.272"	"0.0030"	"891.268+"	"1400"	"1.98e+07"	C+	"117391.95"	"128611.92"	"2s2.2p4.(3P).3p"	"4D*"	"1/2"	"2s2.2p4.(3P).3d"	"4F"	"3/2"		"T7043"	"L7481"	
"891.523"	"0.0030"	"891.521+"	"300"	"2.19e+07"	C+	"117308.56"	"128525.35"	"2s2.2p4.(3P).3p"	"4D*"	"3/2"	"2s2.2p4.(3P).3d"	"4F"	"5/2"		"T7043"	"L7481"	
"891.688"	"0.0030"	"891.685+"	"70"	"5.4e+05"	C	"117308.56"	"128523.28"	"2s2.2p4.(3P).3p"	"4D*"	"3/2"	"2s2.2p4.(3P).3d"	"4P"	"3/2"		"T7043"	"L7481"	
"891.934"	"0.0030"	"891.929+"	"20"	"3.78e+05"	C	"117308.56"	"128520.22"	"2s2.2p4.(3P).3p"	"4D*"	"3/2"	"2s2.2p4.(3P).3d"	"2P"	"1/2"		"T7043"	"L7481"	
"896.612"	"0.0030"	"896.613+"	"40"	"3.6e+05"	D+	"116987.39"	"128140.48"	"2s2.2p4.(3P).3p"	"4D*"	"7/2"	"2s2.2p4.(3P).3d"	"2D"	"5/2"		"T7043"	"L7481"	
"898.365"	"0.0030"	"898.365+"	"125"	"1.23e+06"	C+	"117391.95"	"128523.28"	"2s2.2p4.(3P).3p"	"4D*"	"1/2"	"2s2.2p4.(3P).3d"	"4P"	"3/2"		"T7043"	"L7481"	
"898.612"	"0.0030"	"898.612+"	"35"	"1.30e+06"	C	"117391.95"	"128520.22"	"2s2.2p4.(3P).3p"	"4D*"	"1/2"	"2s2.2p4.(3P).3d"	"2P"	"1/2"		"T7043"	"L7481"	
"900.866"	"0.0030"	"900.865+"	"500"	"2.85e+06"	C	"116987.39"	"128087.83"	"2s2.2p4.(3P).3p"	"4D*"	"7/2"	"2s2.2p4.(3P).3d"	"4D"	"5/2"		"T7043"	"L7481"	
"901.933"	""	"901.933+"	"300:"	"2.33e+06"	C	"105056.28"	"116143.58"	"2s2.2p4.(3P).3s"	"2P"	"1/2"	"2s2.2p4.(3P).3p"	"4P*"	"1/2"		"T7043"	"L20603"	
"902.797"	"0.0030"	"902.795+"	"350"	"1.43e+07"	C+	"116987.39"	"128064.10"	"2s2.2p4.(3P).3p"	"4D*"	"7/2"	"2s2.2p4.(3P).3d"	"4D"	"7/2"		"T7043"	"L7481"	
"904.458"	"0.0030"	"904.458+"	"400"	"2.18e+07"	C+	"117164.01"	"128220.36"	"2s2.2p4.(3P).3p"	"4D*"	"5/2"	"2s2.2p4.(3P).3d"	"2F"	"7/2"		"T7043"	"L7481"	
"910.483"	"0.0030"	"910.484+"	"500"	"2.46e+06"	C+	"117622.92"	"128606.09"	"2s2.2p4.(3P).3p"	"2D*"	"5/2"	"2s2.2p4.(3P).3d"	"4P"	"5/2"		"T7043"	"L7481"	
"915.429"	"0.0030"	"915.431+"	"1800"	"1.04e+07"	C+	"117164.01"	"128087.83"	"2s2.2p4.(3P).3p"	"4D*"	"5/2"	"2s2.2p4.(3P).3d"	"4D"	"5/2"		"T7043"	"L7481"	
"918.120"	"0.0030"	"918.119+"	"350"	"1.93e+07"	C+	"117622.92"	"128514.75"	"2s2.2p4.(3P).3p"	"2D*"	"5/2"	"2s2.2p4.(3P).3d"	"4F"	"7/2"		"T7043"	"L7481"	
"923.538"	"0.0030"	"923.542+"	"60"	"1.49e+06"	C	"117391.95"	"128219.83"	"2s2.2p4.(3P).3p"	"4D*"	"1/2"	"2s2.2p4.(3P).3d"	"2D"	"3/2"		"T7043"	"L7481"	
"923.791"	"0.0030"	"923.790+"	"500"	"1.04e+07"	C+	"117872.92"	"128697.89"	"2s2.2p4.(3P).3p"	"2D*"	"3/2"	"2s2.2p4.(3P).3d"	"2F"	"5/2"		"T7043"	"L7481"	
"924.711"	"0.0030"	"924.714+"	"150"	"5.26e+06"	C+	"117308.56"	"128122.72"	"2s2.2p4.(3P).3p"	"4D*"	"3/2"	"2s2.2p4.(3P).3d"	"4D"	"3/2"		"T7043"	"L7481"	
"931.690"	"0.0030"	"931.691+"	"600"	"1.42e+07"	C+	"117872.92"	"128606.09"	"2s2.2p4.(3P).3p"	"2D*"	"3/2"	"2s2.2p4.(3P).3d"	"4P"	"5/2"		"T7043"	"L7481"	
"938.753"	"0.0030"	"938.753+"	"400"	"5.97e+06"	C+	"117872.92"	"128525.35"	"2s2.2p4.(3P).3p"	"2D*"	"3/2"	"2s2.2p4.(3P).3d"	"4F"	"5/2"		"T7043"	"L7481"	
"943.626"	"0.0030"	"943.624+"	"200"	"2.35e+07"	C+	"117622.92"	"128220.36"	"2s2.2p4.(3P).3p"	"2D*"	"5/2"	"2s2.2p4.(3P).3d"	"2F"	"7/2"		"T7043"	"L7481"	
"950.791"	"0.0030"	"950.791+"	"25"	"8.2e+06"	C	"117622.92"	"128140.48"	"2s2.2p4.(3P).3p"	"2D*"	"5/2"	"2s2.2p4.(3P).3d"	"2D"	"5/2"		"T7043"	"L7481"	
"957.743"	"0.0030"	"957.746+"	"30"	"1.47e+06"	C+	"117622.92"	"128064.10"	"2s2.2p4.(3P).3p"	"2D*"	"5/2"	"2s2.2p4.(3P).3d"	"4D"	"7/2"		"T7043"	"L7481"	
"966.469"	"0.0030"	"966.472+"	"12"	"4.49e+06"	C+	"117872.92"	"128219.83"	"2s2.2p4.(3P).3p"	"2D*"	"3/2"	"2s2.2p4.(3P).3d"	"2D"	"3/2"		"T7043"	"L7481"	
"970.206"	"0.0030"	"970.212+"	"70"	"6.4e+06"	D+	"118405.27"	"128712.30"	"2s2.2p4.(3P).3p"	"2S*"	"1/2"	"2s2.2p4.(3P).3d"	"2P"	"3/2"		"T7043"	"L7481"	
"972.324"	"0.0050"	"972.339+"	"12"	"7.2e+05"	D+	"118427.82"	"128712.30"	"2s2.2p4.(3P).3p"	"4S*"	"3/2"	"2s2.2p4.(3P).3d"	"2P"	"3/2"		"T7043"	"L7481"	
"973.701"	"0.0050"	"973.703+"	"25"	"9.4e+06"	C+	"118427.82"	"128697.89"	"2s2.2p4.(3P).3p"	"4S*"	"3/2"	"2s2.2p4.(3P).3d"	"2F"	"5/2"		"T7043"	"L7481"	
"973.937"	"0.0050"	"973.941+"	"90"	"2.73e+06"	C	"117872.92"	"128140.48"	"2s2.2p4.(3P).3p"	"2D*"	"3/2"	"2s2.2p4.(3P).3d"	"2D"	"5/2"		"T7043"	"L7481"	
"979.749"	"0.0050"	"979.753+"	"60"	"6.05e+06"	C+	"118405.27"	"128611.92"	"2s2.2p4.(3P).3p"	"2S*"	"1/2"	"2s2.2p4.(3P).3d"	"4F"	"3/2"		"T7043"	"L7481"	
"982.480"	"0.0050"	"982.485+"	"15"	"1.52e+07"	C	"118427.82"	"128606.09"	"2s2.2p4.(3P).3p"	"4S*"	"3/2"	"2s2.2p4.(3P).3d"	"4P"	"5/2"		"T7043"	"L7481"	
"988.629"	"0.0050"	"988.636+"	"80"	"6.9e+06"	D+	"118405.27"	"128520.22"	"2s2.2p4.(3P).3p"	"2S*"	"1/2"	"2s2.2p4.(3P).3d"	"2P"	"1/2"		"T7043"	"L7481"	
"990.537"	"0.0050"	"990.544+"	"12"	"9.8e+06"	C+	"118427.82"	"128523.28"	"2s2.2p4.(3P).3p"	"4S*"	"3/2"	"2s2.2p4.(3P).3d"	"4P"	"3/2"		"T7043"	"L7481"	
"1008.990"	"0.0050"	"1008.990+"	"60"	"1.08e+07"	C+	"118427.82"	"128338.72"	"2s2.2p4.(3P).3p"	"4S*"	"3/2"	"2s2.2p4.(3P).3d"	"4P"	"1/2"		"T7043"	"L7481"	
"1018.894"	"0.0050"	"1018.894+"	"50"	"5.29e+06"	C+	"118405.27"	"128219.83"	"2s2.2p4.(3P).3p"	"2S*"	"1/2"	"2s2.2p4.(3P).3d"	"2D"	"3/2"		"T7043"	"L7481"	
"1021.237"	"0.0050"	"1021.241+"	"40"	"5.46e+06"	C	"118427.82"	"128219.83"	"2s2.2p4.(3P).3p"	"4S*"	"3/2"	"2s2.2p4.(3P).3d"	"2D"	"3/2"		"T7043"	"L7481"	
"1028.827"	"0.0050"	"1028.830+"	"15"	"9.8e+06"	D+	"115917.91"	"125637.69"	"2s2.2p4.(3P).3p"	"4P*"	"5/2"	"2s2.2p4.(3P).4s"	"4P"	"5/2"		"T7663"	"L7481"	
"1029.583"	"0.0050"	"1029.584+"	"35"	"3.09e+06"	C+	"118427.82"	"128140.48"	"2s2.2p4.(3P).3p"	"4S*"	"3/2"	"2s2.2p4.(3P).3d"	"2D"	"5/2"		"T7043"	"L7481"	
"1038.368"	"0.0050"	"1038.370+"	"70"	"1.02e+07"	C+	"119081.82"	"128712.30"	"2s2.2p4.(3P).3p"	"2P*"	"1/2"	"2s2.2p4.(3P).3d"	"2P"	"3/2"		"T7043"	"L7481"	
"1042.915"	"0.0050"	"1042.911+"	"60"	"5.65e+06"	C+	"118936.80"	"128525.35"	"2s2.2p4.(3P).3p"	"2P*"	"3/2"	"2s2.2p4.(3P).3d"	"4F"	"5/2"		"T7043"	"L7481"	
"1086.529"	"0.0050"	"1086.522+"	"20"	"1.33e+07"	C	"118936.80"	"128140.48"	"2s2.2p4.(3P).3p"	"2P*"	"3/2"	"2s2.2p4.(3P).3d"	"2D"	"5/2"		"T7043"	"L7481"	
