obs_wl_vac(nm)	unc_obs_wl	ritz_wl_vac(nm)	unc_ritz_wl	intens	Aki(s^-1)	Acc	Ei(cm-1)	Ek(cm-1)	conf_i	term_i	J_i	conf_k	term_k	J_k	Type	tp_ref	line_ref	
"174.0003"	"0.0003"	"174.000410"	"0.000020"	"2"	""		"0.000"	"57471.129"	"6s2.6p2"	"(1/2,1/2)"	"0"	"6s2.6p.(2P*<1/2>).10d"	"2[3/2]*"	"1"		""	"L50"	
"176.6637"	"0.0002"	"176.663666"	"0.000011"	"2"	""		"0.000"	"56604.735"	"6s2.6p2"	"(1/2,1/2)"	"0"	"6s2.6p.(2P*<1/2>).9d"	"2[3/2]*"	"1"		""	"L50"	
"179.46720"	"0.00017"	"179.467376"	"0.000011"	"2"	""		"0.000"	"55720.4336"	"6s2.6p2"	"(1/2,1/2)"	"0"	"6s2.6p.10s"	"(1/2,1/2)*"	"1"		""	"L50"	
"181.2969"	"0.0002"	"181.296787"	"0.000010"	"5"	""		"0.000"	"55158.1755"	"6s2.6p2"	"(1/2,1/2)"	"0"	"6s2.6p.(2P*<1/2>).8d"	"2[3/2]*"	"1"		""	"L50"	
"186.8764"	"0.0002"	"186.876946"	"0.000012"	"4"	""		"0.000"	"53511.1485"	"6s2.6p2"	"(1/2,1/2)"	"0"	"6s2.6p.9s"	"(1/2,1/2)*"	"1"		""	"L50"	
"190.4771"	"0.0002"	"190.477500"	"0.000011"	"10"	""		"0.000"	"52499.6391"	"6s2.6p2"	"(1/2,1/2)"	"0"	"6s2.6p.(2P*<1/2>).7d"	"2[3/2]*"	"1"		""	"L50"	
"197.2439"	"0.0003"	"197.245100"	"0.000009"	"4p"	""		"7819.2626"	"58517.607"	"6s2.6p2"	"(3/2,1/2)"	"1"	"6s2.6p.(2P*<3/2>).6d"	"2[5/2]*"	"2"		""	"L50"	
"197.78761"	"0.00007"	"197.78774"	"0.00004"	"2"	""		"7819.2626"	"58378.513"	"6s2.6p2"	"(3/2,1/2)"	"1"	"6s2.6p.(2P*<1/2>).12d"	"2[5/2]*"	"2"		""	"L50"	
"199.1604"	"0.0002"	"199.16099"	"0.00006"	"2"	""		"7819.2626"	"58029.899"	"6s2.6p2"	"(3/2,1/2)"	"1"	"6s2.6p.(2P*<1/2>).11d"	"2[3/2]*"	"1"		""	"L50"	
"199.2314"	"0.0002"	"199.23183"	"0.00003"	"2"	""		"7819.2626"	"58012.046"	"6s2.6p2"	"(3/2,1/2)"	"1"	"6s2.6p.(2P*<1/2>).11d"	"2[3/2]*"	"2"		""	"L50"	
"202.26681"	"0.00012"	"202.266941"	"0.000013"	"5r"	"5.9e+06"	C+	"0.000"	"49439.6165"	"6s2.6p2"	"(1/2,1/2)"	"0"	"6s2.6p.7s"	"(3/2,1/2)*"	"1"		"T7227"	"L50"	
"205.15372"	"0.00017"	"205.153739"	"0.000013"	"5"	""		"7819.2626"	"56563.195"	"6s2.6p2"	"(3/2,1/2)"	"1"	"6s2.6p.(2P*<1/2>).9d"	"2[3/2]*"	"2"		""	"L50"	
"205.39413"	"0.00010"	"205.393915"	"0.000013"	"8r"	"1.02e+07"	C	"0.000"	"48686.9340"	"6s2.6p2"	"(1/2,1/2)"	"0"	"6s2.6p.8s"	"(1/2,1/2)*"	"1"		"T7227"	"L50"	
"211.24270"	"0.00002"	"211.242705"	"0.000007"	"6"	""		"7819.2626"	"55158.1755"	"6s2.6p2"	"(3/2,1/2)"	"1"	"6s2.6p.(2P*<1/2>).8d"	"2[3/2]*"	"1"		""	"L50"	
"211.57360"	"0.00002"	"211.573601"	"0.000008"	"10"	""		"7819.2626"	"55084.1385"	"6s2.6p2"	"(3/2,1/2)"	"1"	"6s2.6p.(2P*<1/2>).8d"	"2[3/2]*"	"2"		""	"L50"	
"217.06854"	"0.00011"	"217.068351"	"0.000015"	"500r"	"1.47e+08"	C+	"0.000"	"46068.4385"	"6s2.6p2"	"(1/2,1/2)"	"0"	"6s2.6p.(2P*<1/2>).6d"	"2[3/2]*"	"1"		"T7227"	"L50"	
"217.62619"	"0.00003"	"217.626218"	"0.000015"	"7"	""		"10650.3271"	"56600.673"	"6s2.6p2"	"(3/2,1/2)"	"2"	"6s2.6p.(2P*<1/2>).9d"	"2[5/2]*"	"3"		""	"L50"	
"218.857249"	"0.000016"	"218.857239"	"0.000009"	"7"	""		"7819.2626"	"53511.1485"	"6s2.6p2"	"(3/2,1/2)"	"1"	"6s2.6p.9s"	"(1/2,1/2)*"	"1"		""	"L50"	
"219.02873"	"0.00002"	"219.028728"	"0.000011"	"8"	""		"7819.2626"	"53475.374"	"6s2.6p2"	"(3/2,1/2)"	"1"	"6s2.6p.9s"	"(1/2,1/2)*"	"0"		""	"L50"	
"223.81195"	"0.00002"	"223.811901"	"0.000007"	"20"	""		"7819.2626"	"52499.6391"	"6s2.6p2"	"(3/2,1/2)"	"1"	"6s2.6p.(2P*<1/2>).7d"	"2[3/2]*"	"1"		""	"L50"	
"224.75526"	"0.00012"	"224.755403"	"0.000009"	"20"	""		"10650.3271"	"55143.1396"	"6s2.6p2"	"(3/2,1/2)"	"2"	"6s2.6p.(2P*<1/2>).8d"	"2[5/2]*"	"3"		""	"L50"	
"224.7589"	"0.0002"	"224.759243"	"0.000012"	"25"	""		"7819.2626"	"52311.315"	"6s2.6p2"	"(3/2,1/2)"	"1"	"6s2.6p.(2P*<1/2>).7d"	"2[3/2]*"	"2"		""	"L50"	
"233.313318"	"0.000015"	"233.313307"	"0.000009"	"150"	""		"10650.3271"	"53511.1485"	"6s2.6p2"	"(3/2,1/2)"	"2"	"6s2.6p.9s"	"(1/2,1/2)*"	"1"		""	"L50"	
"238.952550"	"0.000015"	"238.952554"	"0.000007"	"180"	""		"10650.3271"	"52499.6391"	"6s2.6p2"	"(3/2,1/2)"	"2"	"6s2.6p.(2P*<1/2>).7d"	"2[3/2]*"	"1"		""	"L50"	
"239.452151"	"0.000016"	"239.452146"	"0.000012"	"550r"	""		"10650.3271"	"52412.325"	"6s2.6p2"	"(3/2,1/2)"	"2"	"6s2.6p.(2P*<1/2>).7d"	"2[5/2]*"	"3"		""	"L50"	
"240.032712"	"0.000014"	"240.032714"	"0.000012"	"140"	""		"10650.3271"	"52311.315"	"6s2.6p2"	"(3/2,1/2)"	"2"	"6s2.6p.(2P*<1/2>).7d"	"2[3/2]*"	"2"		""	"L50"	
"240.267067"	"0.000017"	"240.267058"	"0.000008"	"320r"	"2.4e+07"	C	"7819.2626"	"49439.6165"	"6s2.6p2"	"(3/2,1/2)"	"1"	"6s2.6p.7s"	"(3/2,1/2)*"	"1"		"T7227"	"L50"	
"241.2467"	"0.000015"	"241.246766"	"0.000013"	"320r"	""		"10650.3271"	"52101.660"	"6s2.6p2"	"(3/2,1/2)"	"2"	"6s2.6p.(2P*<1/2>).7d"	"2[5/2]*"	"2"		""	"L50"	
"244.456948"	"0.000016"	"244.456942"	"0.000019"	"150r"	""		"7819.2626"	"48726.262"	"6s2.6p2"	"(3/2,1/2)"	"1"	"6s2.6p.8s"	"(1/2,1/2)*"	"0"		""	"L50"	
"244.692198"	"0.000016"	"244.692190"	"0.000009"	"160r"	"1.86e+07"	C+	"7819.2626"	"48686.9340"	"6s2.6p2"	"(3/2,1/2)"	"1"	"6s2.6p.8s"	"(1/2,1/2)*"	"1"		"T7227"	"L50"	
"247.712572"	"0.000016"	"247.712579"	"0.000012"	"130r"	"2.6e+07"	C+	"7819.2626"	"48188.6296"	"6s2.6p2"	"(3/2,1/2)"	"1"	"6s2.6p.7s"	"(3/2,1/2)*"	"2"		"T7227"	"L50"	
"257.803132"	"0.000017"	"257.803124"	"0.000008"	"80r"	"5.1e+07"	C+	"10650.3271"	"49439.6165"	"6s2.6p2"	"(3/2,1/2)"	"2"	"6s2.6p.7s"	"(3/2,1/2)*"	"1"		"T7227"	"L50"	
"261.44352"	"0.00002"	"261.443541"	"0.000012"	"500r"	"2.2e+07"	C+	"7819.2626"	"46068.4385"	"6s2.6p2"	"(3/2,1/2)"	"1"	"6s2.6p.(2P*<1/2>).6d"	"2[3/2]*"	"1"		"T7227"	"L50"	
"261.49551"	"0.00002"	"261.495514"	"0.000012"	"900r"	"1.98e+08"	C+	"7819.2626"	"46060.8364"	"6s2.6p2"	"(3/2,1/2)"	"1"	"6s2.6p.(2P*<1/2>).6d"	"2[3/2]*"	"2"		"T7227"	"L50"	
"262.904613"	"0.000016"	"262.904628"	"0.000008"	"160"	"4.1e+06"	D	"10650.3271"	"48686.9340"	"6s2.6p2"	"(3/2,1/2)"	"2"	"6s2.6p.8s"	"(1/2,1/2)*"	"1"		"T7227"	"L50"	
"265.788441"	"0.000017"	"265.788442"	"0.000011"	"10"	"9.8e+04"	C+	"7819.2626"	"45443.1710"	"6s2.6p2"	"(3/2,1/2)"	"1"	"6s2.6p.(2P*<1/2>).6d"	"2[5/2]*"	"2"		"T7227"	"L50"	
"266.39457"	"0.00002"	"266.394571"	"0.000013"	"700"	"6.7e+07"	C+	"10650.3271"	"48188.6296"	"6s2.6p2"	"(3/2,1/2)"	"2"	"6s2.6p.7s"	"(3/2,1/2)*"	"2"		"T7227"	"L50"	
"269.834097"	"0.000017"	"269.834096"	"0.000015"	"10"	""		"21457.7982"	"58517.607"	"6s2.6p2"	"(3/2,3/2)"	"2"	"6s2.6p.(2P*<3/2>).6d"	"2[5/2]*"	"2"		""	"L50"	
"280.28211"	"0.00002"	"280.282101"	"0.000013"	"25000r"	"1.61e+08"	C+	"10650.3271"	"46328.6668"	"6s2.6p2"	"(3/2,1/2)"	"2"	"6s2.6p.(2P*<1/2>).6d"	"2[5/2]*"	"3"		"T7227"	"L50"	
"282.3413"	"0.0004"	"282.341424"	"0.000012"	"100"	""		"10650.3271"	"46068.4385"	"6s2.6p2"	"(3/2,1/2)"	"2"	"6s2.6p.(2P*<1/2>).6d"	"2[3/2]*"	"1"		""	"L50"	
"282.40203"	"0.00002"	"282.402038"	"0.000013"	"14000r"	"2.7e+07"	C+	"10650.3271"	"46060.8364"	"6s2.6p2"	"(3/2,1/2)"	"2"	"6s2.6p.(2P*<1/2>).6d"	"2[3/2]*"	"2"		"T7227"	"L50"	
"283.38868"	"0.00002"	"283.388682"	"0.000024"	"35000r"	"4.9e+07"	C+	"0.000"	"35287.2244"	"6s2.6p2"	"(1/2,1/2)"	"0"	"6s2.6p.7s"	"(1/2,1/2)*"	"1"		"T7227"	"L50"	
"287.41543"	"0.00002"	"287.415425"	"0.000012"	"14000r"	"3.8e+07"	C+	"10650.3271"	"45443.1710"	"6s2.6p2"	"(3/2,1/2)"	"2"	"6s2.6p.(2P*<1/2>).6d"	"2[5/2]*"	"2"		"T7227"	"L50"	
"296.73258"	"0.00002"	"296.732583"	"0.000010"	"15"	""		"21457.7982"	"55158.1755"	"6s2.6p2"	"(3/2,3/2)"	"2"	"6s2.6p.(2P*<1/2>).8d"	"2[3/2]*"	"1"		""	"L50"	
"297.38590"	"0.00002"	"297.385916"	"0.000013"	"15"	""		"21457.7982"	"55084.1385"	"6s2.6p2"	"(3/2,3/2)"	"2"	"6s2.6p.(2P*<1/2>).8d"	"2[3/2]*"	"2"		""	"L50"	
"298.10265"	"0.00002"	"298.102659"	"0.000016"	"15"	""		"21457.7982"	"55003.2890"	"6s2.6p2"	"(3/2,3/2)"	"2"	"6s2.6p.(2P*<1/2>).8d"	"2[5/2]*"	"2"		""	"L50"	
"311.97985"	"0.00002"	"311.979868"	"0.000015"	"150"	""		"21457.7982"	"53511.1485"	"6s2.6p2"	"(3/2,3/2)"	"2"	"6s2.6p.9s"	"(1/2,1/2)*"	"1"		""	"L50"	
"322.14583"	"0.00002"	"322.145843"	"0.000012"	"600"	""		"21457.7982"	"52499.6391"	"6s2.6p2"	"(3/2,3/2)"	"2"	"6s2.6p.(2P*<1/2>).7d"	"2[3/2]*"	"1"		""	"L50"	
"323.05451"	"0.00002"	"323.054527"	"0.000022"	"100"	""		"21457.7982"	"52412.325"	"6s2.6p2"	"(3/2,3/2)"	"2"	"6s2.6p.(2P*<1/2>).7d"	"2[5/2]*"	"3"		""	"L50"	
"324.11215"	"0.00002"	"324.112161"	"0.000022"	"400"	""		"21457.7982"	"52311.315"	"6s2.6p2"	"(3/2,3/2)"	"2"	"6s2.6p.(2P*<1/2>).7d"	"2[3/2]*"	"2"		""	"L50"	
"326.32959"	"0.00002"	"326.329627"	"0.000022"	"200"	""		"21457.7982"	"52101.660"	"6s2.6p2"	"(3/2,3/2)"	"2"	"6s2.6p.(2P*<1/2>).7d"	"2[5/2]*"	"2"		""	"L50"	
"357.37493"	"0.00003"	"357.374917"	"0.000014"	"35000"	"9.9e+07"	C+	"21457.7982"	"49439.6165"	"6s2.6p2"	"(3/2,3/2)"	"2"	"6s2.6p.7s"	"(3/2,1/2)*"	"1"		"T3654"	"L50"	
"364.06050"	"0.00003"	"364.060503"	"0.000016"	"50000r"	"3.2e+07"	C+	"7819.2626"	"35287.2244"	"6s2.6p2"	"(3/2,1/2)"	"1"	"6s2.6p.7s"	"(1/2,1/2)*"	"1"		"T7227"	"L50"	
"367.25369"	"0.00002"	"367.253668"	"0.000015"	"20000"	"3.1e+07"	C	"21457.7982"	"48686.9340"	"6s2.6p2"	"(3/2,3/2)"	"2"	"6s2.6p.8s"	"(1/2,1/2)*"	"1"		"T3654n"	"L50"	
"368.45112"	"0.00003"	"368.451071"	"0.000016"	"70000r"	"1.37e+08"	B	"7819.2626"	"34959.9084"	"6s2.6p2"	"(3/2,1/2)"	"1"	"6s2.6p.7s"	"(1/2,1/2)*"	"0"		"T7227"	"L50"	
"374.09986"	"0.00003"	"374.09985"	"0.00003"	"25000"	"7.3e+07"	B	"21457.7982"	"48188.6296"	"6s2.6p2"	"(3/2,3/2)"	"2"	"6s2.6p.7s"	"(3/2,1/2)*"	"2"		"T3654"	"L50"	
"402.07682"	"0.00002"	"402.076830"	"0.000025"	"15000"	"3.5e+06"	C+	"21457.7982"	"46328.6668"	"6s2.6p2"	"(3/2,3/2)"	"2"	"6s2.6p.(2P*<1/2>).6d"	"2[5/2]*"	"3"		"T3654"	"L50"	
"405.89528"	"0.00003"	"405.895267"	"0.000015"	"95000"	"9.0e+07"	C+	"10650.3271"	"35287.2244"	"6s2.6p2"	"(3/2,1/2)"	"2"	"6s2.6p.7s"	"(1/2,1/2)*"	"1"		"T7227"	"L50"	
"406.32832"	"0.00002"	"406.328315"	"0.000024"	"14000"	"9.2e+07"	B	"21457.7982"	"46068.4385"	"6s2.6p2"	"(3/2,3/2)"	"2"	"6s2.6p.(2P*<1/2>).6d"	"2[3/2]*"	"1"		"T3654"	"L50"	
"415.89867"	"0.00007"	"415.89867"	"0.00003"	"10"	""		"29466.8303"	"53511.1485"	"6s2.6p2"	"(3/2,3/2)"	"0"	"6s2.6p.9s"	"(1/2,1/2)*"	"1"		""	"L50"	
"416.92078"	"0.00002"	"416.920766"	"0.000023"	"10000"	"1.2e+06"	D+	"21457.7982"	"45443.1710"	"6s2.6p2"	"(3/2,3/2)"	"2"	"6s2.6p.(2P*<1/2>).6d"	"2[5/2]*"	"2"		"T3654"	"L50"	
"434.163283"	"0.000011"	"434.163288"	"0.000023"	"200"	""		"29466.8303"	"52499.6391"	"6s2.6p2"	"(3/2,3/2)"	"0"	"6s2.6p.(2P*<1/2>).7d"	"2[3/2]*"	"1"		""	"L50"	
"500.681264"	"0.000016"	"500.68127"	"0.00003"	"1000"	"2.7e+07"	C+	"29466.8303"	"49439.6165"	"6s2.6p2"	"(3/2,3/2)"	"0"	"6s2.6p.7s"	"(3/2,1/2)*"	"1"		"T3654"	"L50"	
"500.79689"	"0.00004"	"500.79689"	"0.00004"	"100"	""		"34959.9084"	"54928.0835"	"6s2.6p.7s"	"(1/2,1/2)*"	"0"	"6s2.6p.9p"	"(1/2,3/2)"	"1"		""	"L50"	
"507.7767"	"0.0003"	"507.7737"	"0.0010"	"10"	""		"34959.9084"	"54653.72"	"6s2.6p.7s"	"(1/2,1/2)*"	"0"	"6s2.6p.9p"	"(1/2,1/2)"	"1"		""	"L50"	
"509.090212"	"0.000017"	"509.09021"	"0.00003"	"50"	""		"35287.2244"	"54930.1086"	"6s2.6p.7s"	"(1/2,1/2)*"	"1"	"6s2.6p.9p"	"(1/2,3/2)"	"2"		""	"L50"	
"509.1427"	"0.0002"	"509.14270"	"0.00004"	"20"	""		"35287.2244"	"54928.0835"	"6s2.6p.7s"	"(1/2,1/2)*"	"1"	"6s2.6p.9p"	"(1/2,3/2)"	"1"		""	"L50"	
"510.86656"	"0.00006"	"510.86660"	"0.00008"	"10"	""		"35287.2244"	"54861.806"	"6s2.6p.7s"	"(1/2,1/2)*"	"1"	"6s2.6p.9p"	"(1/2,1/2)"	"0"		""	"L50"	
"520.288548"	"0.000017"	"520.28856"	"0.00003"	"2000"	"1.4e+07"	C	"29466.8303"	"48686.9340"	"6s2.6p2"	"(3/2,3/2)"	"0"	"6s2.6p.8s"	"(1/2,1/2)*"	"1"		"T3654n"	"L50"	
"569.39259"	"0.00003"	"569.39260"	"0.00004"	"40"	""		"35287.2244"	"52849.7991"	"6s2.6p.7s"	"(1/2,1/2)*"	"1"	"6s2.6p.(2P*<1/2>).5f"	"2[5/2]"	"2"		""	"L50"	
"589.72583"	"0.00002"	"589.72583"	"0.00003"	"200"	""		"34959.9084"	"51916.9408"	"6s2.6p.7s"	"(1/2,1/2)*"	"0"	"6s2.6p.8p"	"(1/2,3/2)"	"1"		""	"L50"	
"600.35247"	"0.00002"	"600.35247"	"0.00003"	"2000"	""		"35287.2244"	"51944.1059"	"6s2.6p.7s"	"(1/2,1/2)*"	"1"	"6s2.6p.8p"	"(1/2,3/2)"	"2"		""	"L50"	
"601.33316"	"0.00003"	"601.33317"	"0.00003"	"500"	""		"35287.2244"	"51916.9408"	"6s2.6p.7s"	"(1/2,1/2)*"	"1"	"6s2.6p.8p"	"(1/2,3/2)"	"1"		""	"L50"	
"606.10333"	"0.00002"	"606.10333"	"0.00003"	"500"	""		"35287.2244"	"51786.0614"	"6s2.6p.7s"	"(1/2,1/2)*"	"1"	"6s2.6p.8p"	"(1/2,1/2)"	"0"		""	"L50"	
"611.22117"	"0.00002"	"611.22118"	"0.00003"	"50"	""		"34959.9084"	"51320.5981"	"6s2.6p.7s"	"(1/2,1/2)*"	"0"	"6s2.6p.8p"	"(1/2,1/2)"	"1"		""	"L50"	
"623.69905"	"0.00003"	"623.69905"	"0.00003"	"100"	""		"35287.2244"	"51320.5981"	"6s2.6p.7s"	"(1/2,1/2)*"	"1"	"6s2.6p.8p"	"(1/2,1/2)"	"1"		""	"L50"	
"689.4012"	"0.0004"	"689.4018"	"0.0003"	"10"	""		"42918.6434"	"57423.972"	"6s2.6p.7p"	"(1/2,1/2)"	"1"	"6s2.6p.(2P*<1/2>).10d"	"2[5/2]*"	"2"		""	"L50"	
"713.0907"	"0.0008"	"713.0895"	"0.0003"	"5"	""		"42918.6434"	"56942.128"	"6s2.6p.7p"	"(1/2,1/2)"	"1"	"6s2.6p.11s"	"(1/2,1/2)*"	"1"		""	"L50"	
"723.09575"	"0.00006"	"723.09580"	"0.00004"	"20000"	"8.5e+05"	C+	"21457.7982"	"35287.2244"	"6s2.6p2"	"(3/2,3/2)"	"2"	"6s2.6p.7s"	"(1/2,1/2)*"	"1"		"T3654n"	"L50"	
"730.6696"	"0.0008"	"730.66879"	"0.00011"	"5"	""		"42918.6434"	"56604.735"	"6s2.6p.7p"	"(1/2,1/2)"	"1"	"6s2.6p.(2P*<1/2>).9d"	"2[3/2]*"	"1"		""	"L50"	
"733.2173"	"0.0007"	"733.21655"	"0.00007"	"8"	""		"7819.2626"	"21457.7982"	"6s2.6p2"	"(3/2,1/2)"	"1"	"6s2.6p2"	"(3/2,3/2)"	"2"	M1+E2	""	"L50"	
"734.86996"	"0.00006"	"734.86999"	"0.00008"	"10"	""		"42918.6434"	"56526.4925"	"6s2.6p.7p"	"(1/2,1/2)"	"1"	"6s2.6p.(2P*<1/2>).9d"	"2[5/2]*"	"2"		""	"L50"	
"781.14074"	"0.00009"	"781.14075"	"0.00011"	"20"	""		"42918.6434"	"55720.4336"	"6s2.6p.7p"	"(1/2,1/2)"	"1"	"6s2.6p.10s"	"(1/2,1/2)*"	"1"		""	"L50"	
"782.0120"	"0.0002"	"782.01200"	"0.00019"	"5"	""		"42918.6434"	"55706.171"	"6s2.6p.7p"	"(1/2,1/2)"	"1"	"6s2.6p.10s"	"(1/2,1/2)*"	"0"		""	"L50"	
"783.1162"	"0.0006"	"783.1170"	"0.0006"	"6"	""		"44674.9859"	"57444.470"	"6s2.6p.7p"	"(1/2,3/2)"	"1"	"6s2.6p.(2P*<1/2>).10d"	"2[3/2]*"	"2"		""	"L50"	
"789.89095"	"0.00014"	"789.89095"	"0.00014"	"5"	""		"44809.3636"	"57469.339"	"6s2.6p.7p"	"(1/2,3/2)"	"2"	"6s2.6p.(2P*<1/2>).10d"	"2[5/2]*"	"3"		""	"L50"	
"817.02467"	"0.00005"	"817.02470"	"0.00008"	"10"	""		"42918.6434"	"55158.1755"	"6s2.6p.7p"	"(1/2,1/2)"	"1"	"6s2.6p.(2P*<1/2>).8d"	"2[3/2]*"	"1"		""	"L50"	
"819.41376"	"0.00009"	"819.41387"	"0.00017"	"6"	""		"44400.8898"	"56604.735"	"6s2.6p.7p"	"(1/2,1/2)"	"0"	"6s2.6p.(2P*<1/2>).9d"	"2[3/2]*"	"1"		""	"L50"	
"821.99698"	"0.00012"	"821.99696"	"0.00010"	"5"	""		"42918.6434"	"55084.1385"	"6s2.6p.7p"	"(1/2,1/2)"	"1"	"6s2.6p.(2P*<1/2>).8d"	"2[3/2]*"	"2"		""	"L50"	
"825.7876"	"0.0003"	"825.7878"	"0.0004"	"8"	""		"45443.1710"	"57552.820"	"6s2.6p.(2P*<1/2>).6d"	"2[5/2]*"	"2"	"6s2.6p.(2P*<1/2>).8f"	"2[7/2]"	"3"		""	"L50"	
"827.49638"	"0.00008"	"827.49634"	"0.00013"	"40"	""		"42918.6434"	"55003.2890"	"6s2.6p.7p"	"(1/2,1/2)"	"1"	"6s2.6p.(2P*<1/2>).8d"	"2[5/2]*"	"2"		""	"L50"	
"841.16949"	"0.00016"	"841.16959"	"0.00022"	"20"	""		"44674.9859"	"56563.195"	"6s2.6p.7p"	"(1/2,3/2)"	"1"	"6s2.6p.(2P*<1/2>).9d"	"2[3/2]*"	"2"		""	"L50"	
"848.08218"	"0.00016"	"848.08223"	"0.00023"	"10"	""		"44809.3636"	"56600.673"	"6s2.6p.7p"	"(1/2,3/2)"	"2"	"6s2.6p.(2P*<1/2>).9d"	"2[5/2]*"	"3"		""	"L50"	
"853.4516"	"0.0002"	"853.45139"	"0.00012"	"8"	""		"44809.3636"	"56526.4925"	"6s2.6p.7p"	"(1/2,3/2)"	"2"	"6s2.6p.(2P*<1/2>).9d"	"2[5/2]*"	"2"		""	"L50"	
"872.52058"	"0.00013"	"872.52066"	"0.00019"	"5"	""		"46060.8364"	"57521.883"	"6s2.6p.(2P*<1/2>).6d"	"2[3/2]*"	"2"	"6s2.6p.(2P*<1/2>).8f"	"2[5/2]"	"3"		""	"L50"	
"885.98888"	"0.00014"	"885.9883"	"0.0006"	"10"	""		"45443.1710"	"56730.002"	"6s2.6p.(2P*<1/2>).6d"	"2[5/2]*"	"2"	"6s2.6p.(2P*<1/2>).7f"	"2[7/2]"	"3"		""	"L50"	
"913.3165"	"0.0008"	"913.31670"	"0.00015"	"1"	""		"46060.8364"	"57009.9409"	"6s2.6p.(2P*<1/2>).6d"	"2[3/2]*"	"2"	"6s2.6p.7p"	"(3/2,1/2)"	"1"		""	"L50"	
"913.9506"	"0.0005"	"913.95127"	"0.00014"	"3"	""		"46068.4385"	"57009.9409"	"6s2.6p.(2P*<1/2>).6d"	"2[3/2]*"	"1"	"6s2.6p.7p"	"(3/2,1/2)"	"1"		""	"L50"	
"929.60266"	"0.00016"	"929.60253"	"0.00016"	"8"	""		"44400.8898"	"55158.1755"	"6s2.6p.7p"	"(1/2,1/2)"	"0"	"6s2.6p.(2P*<1/2>).8d"	"2[3/2]*"	"1"		""	"L50"	
"938.6924"	"0.0005"	"938.6925"	"0.0004"	"5"	""		"46060.8364"	"56713.952"	"6s2.6p.(2P*<1/2>).6d"	"2[3/2]*"	"2"	"6s2.6p.(2P*<1/2>).7f"	"2[5/2]"	"3"		""	"L50"	
"938.8464"	"0.0006"	"938.8476"	"0.0007"	"5"	""		"46068.4385"	"56719.794"	"6s2.6p.(2P*<1/2>).6d"	"2[3/2]*"	"1"	"6s2.6p.(2P*<1/2>).7f"	"2[5/2]"	"2"		""	"L50"	
"944.0637"	"0.0002"	"944.06374"	"0.00014"	"15"	""		"42918.6434"	"53511.1485"	"6s2.6p.7p"	"(1/2,1/2)"	"1"	"6s2.6p.9s"	"(1/2,1/2)*"	"1"		""	"L50"	
"960.69309"	"0.00015"	"960.69300"	"0.00014"	"15"	""		"44674.9859"	"55084.1385"	"6s2.6p.7p"	"(1/2,3/2)"	"1"	"6s2.6p.(2P*<1/2>).8d"	"2[3/2]*"	"2"		""	"L50"	
"961.1363"	"0.0007"	"961.1363"	"0.0008"	"6"	""		"46328.6668"	"56733.018"	"6s2.6p.(2P*<1/2>).6d"	"2[5/2]*"	"3"	"6s2.6p.(2P*<1/2>).7f"	"2[7/2]"	"4"		""	"L50"	
"967.70046"	"0.00011"	"967.70048"	"0.00018"	"15"	""		"44809.3636"	"55143.1396"	"6s2.6p.7p"	"(1/2,3/2)"	"2"	"6s2.6p.(2P*<1/2>).8d"	"2[5/2]*"	"3"		""	"L50"	
"1009.1834"	"0.0010"	"1009.1816"	"0.0006"	"1"	""		"45443.1710"	"55352.190"	"6s2.6p.(2P*<1/2>).6d"	"2[5/2]*"	"2"	"6s2.6p.(2P*<1/2>).6f"	"2[5/2]"	"3"		""	"L50"	
"1029.32787"	"0.00010"	"1029.32787"	"0.00009"	"200"	""		"34959.9084"	"44674.9859"	"6s2.6p.7s"	"(1/2,1/2)*"	"0"	"6s2.6p.7p"	"(1/2,3/2)"	"1"		""	"L50"	
"1043.718"	"0.014"	"1043.73286"	"0.00013"	"5"	""		"42918.6434"	"52499.6391"	"6s2.6p.7p"	"(1/2,1/2)"	"1"	"6s2.6p.(2P*<1/2>).7d"	"2[3/2]*"	"1"		""	"L50"	
"1050.18417"	"0.00009"	"1050.18419"	"0.00012"	"100"	""		"35287.2244"	"44809.3636"	"6s2.6p.7s"	"(1/2,1/2)*"	"1"	"6s2.6p.7p"	"(1/2,3/2)"	"2"		""	"L50"	
"1065.21662"	"0.00010"	"1065.21667"	"0.00009"	"50"	""		"35287.2244"	"44674.9859"	"6s2.6p.7s"	"(1/2,1/2)*"	"1"	"6s2.6p.7p"	"(1/2,3/2)"	"1"		""	"L50"	
"1076.2357"	"0.0008"	"1076.2364"	"0.0006"	"5"	""		"46068.4385"	"55360.077"	"6s2.6p.(2P*<1/2>).6d"	"2[3/2]*"	"1"	"6s2.6p.(2P*<1/2>).6f"	"2[5/2]"	"1"		""	"L50"	
"1076.2691"	"0.0007"	"1076.2694"	"0.0007"	"7"	""		"46060.8364"	"55352.190"	"6s2.6p.(2P*<1/2>).6d"	"2[3/2]*"	"2"	"6s2.6p.(2P*<1/2>).6f"	"2[5/2]"	"3"		""	"L50"	
"1088.96696"	"0.00017"	"1088.9668"	"0.0003"	"15"	""		"42918.6434"	"52101.660"	"6s2.6p.7p"	"(1/2,1/2)"	"1"	"6s2.6p.(2P*<1/2>).7d"	"2[5/2]*"	"2"		""	"L50"	
"1097.2534"	"0.0003"	"1097.25336"	"0.00020"	"40"	""		"35287.2244"	"44400.8898"	"6s2.6p.7s"	"(1/2,1/2)*"	"1"	"6s2.6p.7p"	"(1/2,1/2)"	"0"		""	"L50"	
"1102.2873"	"0.0008"	"1102.2881"	"0.0006"	"4"	""		"48188.6296"	"57260.668"	"6s2.6p.7s"	"(3/2,1/2)*"	"2"	"6s2.6p.11p"	"(1/2,3/2)"	"2"		""	"L50"	
"1106.2248"	"0.0007"	"1106.2248"	"0.0008"	"6"	""		"46328.6668"	"55368.421"	"6s2.6p.(2P*<1/2>).6d"	"2[5/2]*"	"3"	"6s2.6p.(2P*<1/2>).6f"	"2[7/2]"	"4"		""	"L50"	
"1108.2141"	"0.0009"	"1108.2146"	"0.0008"	"3"	""		"46328.6668"	"55352.190"	"6s2.6p.(2P*<1/2>).6d"	"2[5/2]*"	"3"	"6s2.6p.(2P*<1/2>).6f"	"2[5/2]"	"3"		""	"L50"	
"1133.6187"	"0.0007"	"1133.6183"	"0.0003"	"3"	""		"48188.6296"	"57009.9409"	"6s2.6p.7s"	"(3/2,1/2)*"	"2"	"6s2.6p.7p"	"(3/2,1/2)"	"1"		""	"L50"	
"1149.1902"	"0.0009"	"1149.18952"	"0.00023"	"2"	""		"44809.3636"	"53511.1485"	"6s2.6p.7p"	"(1/2,3/2)"	"2"	"6s2.6p.9s"	"(1/2,1/2)*"	"1"		""	"L50"	
"1256.4807"	"0.0013"	"1256.48109"	"0.00014"	"1"	""		"34959.9084"	"42918.6434"	"6s2.6p.7s"	"(1/2,1/2)*"	"0"	"6s2.6p.7p"	"(1/2,1/2)"	"1"		""	"L50"	
"1349.90"	"0.04"	"1349.899"	"0.005"	""	""		"45443.1710"	"52851.13"	"6s2.6p.(2P*<1/2>).6d"	"2[5/2]*"	"2"	"6s2.6p.(2P*<1/2>).5f"	"2[7/2]"	"3"		""	"L50"	
"1350.19"	"0.04"	"1350.1420"	"0.0003"	""	""		"45443.1710"	"52849.7991"	"6s2.6p.(2P*<1/2>).6d"	"2[5/2]*"	"2"	"6s2.6p.(2P*<1/2>).5f"	"2[5/2]"	"2"		""	"L50"	
"1351.63"	"0.04"	"1351.598"	"0.009"	""	""		"45443.1710"	"52841.82"	"6s2.6p.(2P*<1/2>).6d"	"2[5/2]*"	"2"	"6s2.6p.(2P*<1/2>).5f"	"2[5/2]"	"3"		""	"L50"	
"1472.68"	"0.04"	"1472.690"	"0.007"	""	""		"46060.8364"	"52851.13"	"6s2.6p.(2P*<1/2>).6d"	"2[3/2]*"	"2"	"6s2.6p.(2P*<1/2>).5f"	"2[7/2]"	"3"		""	"L50"	
"1474.61"	"0.04"	"1474.6303"	"0.0004"	""	""		"46068.4385"	"52849.7991"	"6s2.6p.(2P*<1/2>).6d"	"2[3/2]*"	"1"	"6s2.6p.(2P*<1/2>).5f"	"2[5/2]"	"2"		""	"L50"	
"1474.70"	"0.04"	"1474.712"	"0.011"	""	""		"46060.8364"	"52841.82"	"6s2.6p.(2P*<1/2>).6d"	"2[3/2]*"	"2"	"6s2.6p.(2P*<1/2>).5f"	"2[5/2]"	"3"		""	"L50"	
"1531.90"	"0.04"	"1531.902"	"0.009"	""	""		"46328.6668"	"52856.50"	"6s2.6p.(2P*<1/2>).6d"	"2[5/2]*"	"3"	"6s2.6p.(2P*<1/2>).5f"	"2[7/2]"	"4"		""	"L50"	
"1533.18"	"0.04"	"1533.163"	"0.007"	""	""		"46328.6668"	"52851.13"	"6s2.6p.(2P*<1/2>).6d"	"2[5/2]*"	"3"	"6s2.6p.(2P*<1/2>).5f"	"2[7/2]"	"3"		""	"L50"	
"1533.52"	"0.04"	"1533.4760"	"0.0004"	"*"	""		"46328.6668"	"52849.7991"	"6s2.6p.(2P*<1/2>).6d"	"2[5/2]*"	"3"	"6s2.6p.(2P*<1/2>).5f"	"2[5/2]"	"2"		""	"L50"	
"1533.52"	"0.04"	"1533.5135"	"0.0003"	"*"	""		"42918.6434"	"49439.6165"	"6s2.6p.7p"	"(1/2,1/2)"	"1"	"6s2.6p.7s"	"(3/2,1/2)*"	"1"		""	"L50"	
"1535.38"	"0.04"	"1535.355"	"0.012"	""	""		"46328.6668"	"52841.82"	"6s2.6p.(2P*<1/2>).6d"	"2[5/2]*"	"3"	"6s2.6p.(2P*<1/2>).5f"	"2[5/2]"	"3"		""	"L50"	
