obs_wl_vac(nm)	ritz_wl_vac(nm)	intens	Aki(s^-1)	Acc	Ei(cm-1)	Ek(cm-1)	Type	tp_ref	line_ref	
"257.904"	""	"25"	""		""	""		""	"L3475"	
"258.008"	""	"30"	""		""	""		""	"L3475"	
"284.382"	""	"20"	""		""	""		""	"L3475"	
"285.146"	""	"20"	""		""	""		""	"L3475"	
"288.245"	""	"50"	""		""	""		""	"L3475"	
"396.056"	""	"190"	""		""	""		""	"L3475"	
"463.358"	""	"140"	""		""	""		""	"L3475"	
"463.698"	""	"140"	""		""	""		""	"L3475"	
"464.085"	""	"200"	""		""	""		""	"L3475"	
"468.911"	""	"180"	""		""	""		""	"L3475"	
"469.708"	""	"290"	""		""	""		""	"L3475"	
"471.084"	""	"140"	""		""	""		""	"L3475"	
"473.199"	""	"180"	""		""	""		""	"L3475"	
"473.801"	""	"250"	""		""	""		""	"L3475"	
"474.549"	""	"100"	""		""	""		""	"L3475"	
"490.836"	""	"110"	""		""	""		""	"L3475"	
"491.539"	""	"140"	""		""	""		""	"L3475"	
"492.597"	""	"200"	""		""	""		""	"L3475"	
"493.738"	""	"140"	""		""	""		""	"L3475"	
"494.112"	""	"320"	""		""	""		""	"L3475"	
"494.168"	""	"160"	""		""	""		""	"L3475"	
"495.275"	""	"380"	""		""	""		""	"L3475"	
"497.714"	""	"110"	""		""	""		""	"L3475"	
"501.999"	""	"120"	""		""	""		""	"L3475"	
"502.116"	""	"200"	""		""	""		""	"L3475"	
"502.836"	""	"200"	""		""	""		""	"L3475"	
"503.478"	""	"100"	""		""	""		""	"L3475"	
"504.524"	""	"110"	""		""	""		""	"L3475"	
"504.693"	""	"320"	""		""	""		""	"L3475"	
"505.481"	""	"160"	""		""	""		""	"L3475"	
"508.854"	""	"180"	""		""	""		""	"L3475"	
"513.487"	""	"270"	""		""	""		""	"L3475"	
"514.124"	""	"100"	""		""	""		""	"L3475"	
"519.588"	""	"120"	""		""	""		""	"L3475"	
"522.943"	""	"110"	""		""	""		""	"L3475"	
"550.303"	""	"16"	""		""	""		""	"L3475"	
"552.568"	""	"28c"	""		""	""		""	"L3475"	
"552.947"	""	"16c"	""		""	""		""	"L3475"	
"553.175"	""	"13"	""		""	""		""	"L3475"	
"553.270"	""	"45"	""		""	""		""	"L3475"	
"553.991"	""	"28"	""		""	""		""	"L3475"	
"556.360"	""	"45c"	""		""	""		""	"L3475"	
"556.707"	""	"13"	""		""	""		""	"L3475"	
"558.036"	""	"11"	""		""	""		""	"L3475"	
"559.647"	""	"22"	""		""	""		""	"L3475"	
"560.824"	""	"13"	""		""	""		""	"L3475"	
"562.182"	""	"20"	""		""	""		""	"L3475"	
"563.459"	""	"11w"	""		""	""		""	"L3475"	
"564.473"	""	"16c,w"	""		""	""		""	"L3475"	
"566.314"	""	"35w"	""		""	""		""	"L3475"	
"567.003"	""	"65c"	""		""	""		""	"L3475"	
"568.810"	""	"16"	""		""	""		""	"L3475"	
"570.596"	""	"22"	""		""	""		""	"L3475"	
"570.919"	""	"65"	""		""	""		""	"L3475"	
"572.997"	""	"11"	""		""	""		""	"L3475"	
"574.933"	""	"11"	""		""	""		""	"L3475"	
"576.180"	""	"22"	""		""	""		""	"L3475"	
"578.088"	""	"90"	""		""	""		""	"L3475"	
"579.456"	""	"22"	""		""	""		""	"L3475"	
"582.297"	""	"16w"	""		""	""		""	"L3475"	
"583.675"	""	"40"	""		""	""		""	"L3475"	
"585.606"	""	"11c"	""		""	""		""	"L3475"	
"587.635"	""	"35"	""		""	""		""	"L3475"	
"587.973"	""	"35"	""		""	""		""	"L3475"	
"588.067"	""	"35"	""		""	""		""	"L3475"	
"588.635"	""	"35c"	""		""	""		""	"L3475"	
"591.695"	""	"11"	""		""	""		""	"L3475"	
"591.761"	""	"11"	""		""	""		""	"L3475"	
"592.240"	""	"40"	""		""	""		""	"L3475"	
"594.330"	""	"22"	""		""	""		""	"L3475"	
"595.141"	""	"22c"	""		""	""		""	"L3475"	
"595.835"	""	""	""		""	""		""	"L3475"	
"596.090"	""	"13"	""		""	""		""	"L3475"	
"596.383"	""	"20"	""		""	""		""	"L3475"	
"596.465"	""	"28"	""		""	""		""	"L3475"	
"597.861"	""	"13c"	""		""	""		""	"L3475"	
"598.054"	""	"13"	""		""	""		""	"L3475"	
"598.780"	""	"40"	""		""	""		""	"L3475"	
"598.880"	""	"45c"	""		""	""		""	"L3475"	
"599.293"	""	"13"	""		""	""		""	"L3475"	
"599.655"	""	"13c"	""		""	""		""	"L3475"	
"599.772"	""	"11"	""		""	""		""	"L3475"	
"601.020"	""	"13"	""		""	""		""	"L3475"	
"602.152"	""	"28c"	""		""	""		""	"L3475"	
"605.094"	""	"35"	""		""	""		""	"L3475"	
"605.256"	""	"11"	""		""	""		""	"L3475"	
"605.681"	""	"140"	""		""	""		""	"L3475"	
"608.749"	""	"13"	""		""	""		""	"L3475"	
"609.797"	""	"18"	""		""	""		""	"L3475"	
"611.077"	""	"18"	""		""	""		""	"L3475"	
"611.971"	""	"22c"	""		""	""		""	"L3475"	
"612.384"	""	"22c"	""		""	""		""	"L3475"	
"614.993"	""	"65"	""		""	""		""	"L3475"	
"616.709"	""	"18"	""		""	""		""	"L3475"	
"618.967"	""	"13"	""		""	""		""	"L3475"	
"621.231"	""	"13"	""		""	""		""	"L3475"	
"621.445"	""	"22"	""		""	""		""	"L3475"	
"621.978"	""	"18"	""		""	""		""	"L3475"	
"623.853"	""	"20w"	""		""	""		""	"L3475"	
"624.278"	""	"20w"	""		""	""		""	"L3475"	
"629.076"	""	"18c"	""		""	""		""	"L3475"	
"629.975"	""	"11c"	""		""	""		""	"L3475"	
"630.379"	""	"11"	""		""	""		""	"L3475"	
"630.579"	""	"16"	""		""	""		""	"L3475"	
"632.411"	""	"45c"	""		""	""		""	"L3475"	
"634.563"	""	"22w"	""		""	""		""	"L3475"	
"635.274"	""	"18c"	""		""	""		""	"L3475"	
"635.896"	""	"22c"	""		""	""		""	"L3475"	
"636.079"	""	"55c"	""		""	""		""	"L3475"	
"637.937"	""	"16"	""		""	""		""	"L3475"	
"638.035"	""	"16"	""		""	""		""	"L3475"	
"639.134"	""	"11"	""		""	""		""	"L3475"	
"639.376"	""	"18c"	""		""	""		""	"L3475"	
"639.495"	""	"40"	""		""	""		""	"L3475"	
"641.246"	""	"10w"	""		""	""		""	"L3475"	
"641.300"	""	"55"	""		""	""		""	"L3475"	
"641.720"	""	"10"	""		""	""		""	"L3475"	
"645.522"	""	"16c"	""		""	""		""	"L3475"	
"645.796"	""	"9"	""		""	""		""	"L3475"	
"646.198"	""	"9w"	""		""	""		""	"L3475"	
"648.834"	""	"45"	""		""	""		""	"L3475"	
"649.354"	""	"40w"	""		""	""		""	"L3475"	
"649.528"	""	"9"	""		""	""		""	"L3475"	
"649.668"	""	"11"	""		""	""		""	"L3475"	
"649.891"	""	"22c"	""		""	""		""	"L3475"	
"650.252"	""	"22"	""		""	""		""	"L3475"	
"650.589"	""	"9"	""		""	""		""	"L3475"	
"651.894"	""	"8"	""		""	""		""	"L3475"	
"653.633"	""	"8"	""		""	""		""	"L3475"	
"654.228"	""	"16"	""		""	""		""	"L3475"	
"655.511"	""	"7w"	""		""	""		""	"L3475"	
"657.285"	""	"7"	""		""	""		""	"L3475"	
"657.982"	""	"6"	""		""	""		""	"L3475"	
"659.730"	""	"11"	""		""	""		""	"L3475"	
"661.169"	""	"15"	""		""	""		""	"L3475"	
"661.850"	""	"55"	""		""	""		""	"L3475"	
"663.283"	""	"7w"	""		""	""		""	"L3475"	
"663.389"	""	"13w"	""		""	""		""	"L3475"	
"664.896"	""	"14"	""		""	""		""	"L3475"	
"670.110"	""	"4w"	""		""	""		""	"L3475"	
"673.865"	""	"13"	""		""	""		""	"L3475"	
"674.895"	""	"35c"	""		""	""		""	"L3475"	
"675.105"	""	"19c"	""		""	""		""	"L3475"	
"680.048"	""	"55c,w"	""		""	""		""	"L3475"	
"681.949"	""	"9"	""		""	""		""	"L3475"	
"684.628"	""	"9"	""		""	""		""	"L3475"	
"685.466"	""	"11"	""		""	""		""	"L3475"	
"687.234"	""	"11c"	""		""	""		""	"L3475"	
"688.656"	""	"7"	""		""	""		""	"L3475"	
"689.461"	""	"8"	""		""	""		""	"L3475"	
"698.205"	""	"8c"	""		""	""		""	"L3475"	
"702.647"	""	"10"	""		""	""		""	"L3475"	
"704.434"	""	"13"	""		""	""		""	"L3475"	
"705.301"	""	"7"	""		""	""		""	"L3475"	
"708.194"	""	"10"	""		""	""		""	"L3475"	
"709.714"	""	"11c"	""		""	""		""	"L3475"	
"711.651"	""	"20"	""		""	""		""	"L3475"	
"711.886"	""	"10w"	""		""	""		""	"L3475"	
"716.185"	""	"10w"	""		""	""		""	"L3475"	
"719.193"	""	"7w"	""		""	""		""	"L3475"	
"723.352"	""	"13"	""		""	""		""	"L3475"	
"724.526"	""	"7c"	""		""	""		""	"L3475"	
"726.121"	""	"7c"	""		""	""		""	"L3475"	
"728.962"	""	"7c"	""		""	""		""	"L3475"	
"729.120"	""	"7w"	""		""	""		""	"L3475"	
"732.644"	""	"7c,w"	""		""	""		""	"L3475"	
"733.049"	""	"7"	""		""	""		""	"L3475"	
"749.765"	""	"11w"	""		""	""		""	"L3475"	
"750.149"	""	"6w"	""		""	""		""	"L3475"	
"757.695"	""	"6"	""		""	""		""	"L3475"	
"772.397"	""	"16"	""		""	""		""	"L3475"	
"784.343"	""	"6c,w"	""		""	""		""	"L3475"	
"787.384"	""	"14"	""		""	""		""	"L3475"	
"788.326"	""	"6"	""		""	""		""	"L3475"	
"803.413"	""	"6"	""		""	""		""	"L3475"	
"805.765"	""	"6"	""		""	""		""	"L3475"	
"806.966"	""	"14"	""		""	""		""	"L3475"	
"814.334"	""	"11"	""		""	""		""	"L3475"	
"821.419"	""	"5c"	""		""	""		""	"L3475"	
"829.221"	""	"6"	""		""	""		""	"L3475"	
"838.214"	""	"6"	""		""	""		""	"L3475"	
"843.014"	""	"6w"	""		""	""		""	"L3475"	
