obs_wl_vac(nm)	ritz_wl_vac(nm)	unc_ritz_wl	intens	Aki(s^-1)	Acc	Ei(cm-1)	Ek(cm-1)	conf_i	term_i	J_i	conf_k	term_k	J_k	Type	tp_ref	line_ref	
"235.48913"	"235.489524"	"0.000012"	"50"	""		"530.351"	"42995.085"	"4d.5s2"	"a 2D"	"5/2"	"4d2.(1G).5p"	"v 2F*"	"7/2"		""	"L7610,L3475"	
"249.1154"	"249.115528"	"0.000014"	"25"	""		"530.351"	"40672.369"	"4d.5s2"	"a 2D"	"5/2"	"4d2.(3P).5p"	"v 2D*"	"5/2"		""	"L7610,L3475"	
"268.2461"	"268.24622"	"0.00006"	"20"	""		"0.000"	"37279.183"	"4d.5s2"	"a 2D"	"3/2"	"4d2.(1D).5p"	"w 2F*"	"5/2"		""	"L7610,L3475"	
"269.5000"	"269.50021"	"0.00004"	"60"	""		"0.000"	"37105.723"	"4d.5s2"	"a 2D"	"3/2"	"5s2.(1S).6p"	"2P*"	"1/2"		""	"L7610,L3475"	
"269.6181"	"269.618246"	"0.000016"	"26"	""		"530.351"	"37619.829"	"4d.5s2"	"a 2D"	"5/2"	"4d2.(1D).5p"	"w 2F*"	"7/2"		""	"L7610,L3475"	
"272.3799"	"272.379882"	"0.000023"	"95"	""		"530.351"	"37243.782"	"4d.5s2"	"a 2D"	"5/2"	"4d2.(1D).5p"	"w 2P*"	"3/2"		""	"L7610,L3475"	
"273.08956"	"273.089543"	"0.000024"	"22"	""		"530.351"	"37148.377"	"4d.5s2"	"a 2D"	"5/2"	"4d2.(3P).5p"	"y 4P*"	"3/2"		""	"L7610,L3475"	
"274.33131"	"274.331150"	"0.000015"	"70"	"6.6e+05"	B	"0.000"	"36452.295"	"4d.5s2"	"a 2D"	"3/2"	"4d2.(1D).5p"	"w 2D*"	"3/2"		"T9421"	"L7610,L3475"	
"276.0889"	"276.088500"	"0.000017"	"140"	""		"530.351"	"36750.621"	"4d.5s2"	"a 2D"	"5/2"	"4d2.(1D).5p"	"w 2D*"	"5/2"		""	"L7610,L3475"	
"279.2017"	"279.201652"	"0.000023"	"12"	""		"0.000"	"35816.407"	"4d.5s2"	"a 2D"	"3/2"	"4d2.(3P).5p"	"x 4D*"	"3/2"		""	"L7610,L3475"	
"281.4486"	"281.44840"	"0.00003"	"26"	""		"530.351"	"36060.842"	"4d.5s2"	"a 2D"	"5/2"	"4d2.(3P).5p"	"x 4D*"	"5/2"		""	"L7610,L3475"	
"281.9680"	"281.96808"	"0.00003"	"18"	""		"10529.169"	"45994.176"	"5s2.5p"	"z 2P*"	"1/2"	"5p2.(3P).4d?"	"f 2P"	"3/2"		""	"L7610,L3475"	
"282.339629"	"282.33963"	"0.00003"	"45"	""		"10529.169"	"45947.505"	"5s2.5p"	"z 2P*"	"1/2"	"5p2.(3P).4d?"	"f 2P"	"1/2"		""	"L7610,L3475"	
"288.73012"	"288.73012"	"0.00003"	"95"	"1.72e+06"	C+	"11359.757"	"45994.176"	"5s2.5p"	"z 2P*"	"3/2"	"5p2.(3P).4d?"	"f 2P"	"3/2"		"T9421"	"L7610,L3475"	
"291.9904"	"291.990181"	"0.000009"	"160"	""		"0.000"	"34247.727"	"4d.5s2"	"a 2D"	"3/2"	"4d2.(3F).5p"	"x 2D*"	"5/2"		""	"L7610,L3475"	
"294.9268"	"294.926431"	"0.000009"	"390"	"3.56e+07"	B+	"0.000"	"33906.761"	"4d.5s2"	"a 2D"	"3/2"	"4d2.(3F).5p"	"x 2D*"	"3/2"		"T4373"	"L7610,L3475"	
"296.5830"	"296.582984"	"0.000012"	"350"	""		"530.351"	"34247.727"	"4d.5s2"	"a 2D"	"5/2"	"4d2.(3F).5p"	"x 2D*"	"5/2"		""	"L7610,L3475"	
"297.5456"	"297.545441"	"0.000009"	"480"	"3.52e+07"	B+	"0.000"	"33608.312"	"4d.5s2"	"a 2D"	"3/2"	"4d2.(3F).5p"	"x 2F*"	"5/2"		"T4373"	"L7610,L3475"	
"298.5125"	"298.512355"	"0.000020"	"750"	"4.78e+07"	B+	"530.351"	"34029.802"	"4d.5s2"	"a 2D"	"5/2"	"4d2.(3F).5p"	"x 2F*"	"7/2"		"T4373"	"L7610,L3475"	
"299.61309"	"299.612810"	"0.000013"	"70"	"5.1e+06"	B+	"530.351"	"33906.761"	"4d.5s2"	"a 2D"	"5/2"	"4d2.(3F).5p"	"x 2D*"	"3/2"		"T4373"	"L7610,L3475"	
"299.7813"	"299.781687"	"0.000009"	"140"	"8.4e+06"	B+	"0.000"	"33357.608"	"4d.5s2"	"a 2D"	"3/2"	"4d2.(3F).5p"	"y 4D*"	"5/2"		"T4373"	"L7610,L3475"	
"300.61377"	"300.613570"	"0.000009"	"70"	"4.7e+06"	B+	"0.000"	"33265.298"	"4d.5s2"	"a 2D"	"3/2"	"4d2.(3F).5p"	"y 4D*"	"3/2"		"T9421"	"L7610,L3475"	
"301.9831"	"301.98314"	"0.00003"	"55"	""		"10529.169"	"43643.601"	"5s2.5p"	"z 2P*"	"1/2"	"5s2.7s"	"g 2S"	"1/2"		""	"L7610,L3475"	
"302.2605"	"302.260053"	"0.000020"	"130"	""		"530.351"	"33614.445"	"4d.5s2"	"a 2D"	"5/2"	"4d2.(3F).5p"	"y 4D*"	"7/2"		""	"L7610,L3475"	
"302.31616"	"302.316095"	"0.000013"	"90"	"6.6e+06"	B+	"530.351"	"33608.312"	"4d.5s2"	"a 2D"	"5/2"	"4d2.(3F).5p"	"x 2F*"	"5/2"		"T4373"	"L7610,L3475"	
"303.9351"	"303.935284"	"0.000013"	"12"	"5.2e+05"	B+	"530.351"	"33432.092"	"4d.5s2"	"a 2D"	"5/2"	"4d2.(3F).5p"	"z 2G*"	"7/2"		"T9421"	"L7610"	
"304.572"	""	""	"45"	""		""	""	""	""	""	""	""	""		""	"L7593,L3475"	
"304.62488"	"304.624904"	"0.000013"	"190"	"1.07e+07"	B+	"530.351"	"33357.608"	"4d.5s2"	"a 2D"	"5/2"	"4d2.(3F).5p"	"y 4D*"	"5/2"		"T4373"	"L7610,L3475"	
"304.800"	""	""	"22"	""		""	""	""	""	""	""	""	""		""	"L7593,L3475"	
""	"305.483922"	"0.000013"	""	"1.86e+05"	B	"530.351"	"33265.298"	"4d.5s2"	"a 2D"	"5/2"	"4d2.(3F).5p"	"y 4D*"	"3/2"		"T9421"	""	
"309.26187"	""	""	"55h"	""		""	""	""	""	""	""	""	""		""	"L7610,L3475"	
"311.2700"	"311.26991"	"0.00003"	"45"	""		"10529.169"	"42655.628"	"5s2.5p"	"z 2P*"	"1/2"	"4d.5s.(1D).5d"	"2P"	"1/2"		""	"L7610,L3475"	
"311.5186"	""	""	"22"	""		""	""	""	""	""	""	""	""		""	"L7593,L3475"	
"315.65609"	"315.65614"	"0.00004"	"13"	"2.7e+05"	C+	"0.000"	"31680.043"	"4d.5s2"	"a 2D"	"3/2"	"4d2.(3F).5p"	"y 4F*"	"5/2"		"T4373"	"L7610"	
"317.37532"	"317.37527"	"0.00005"	"3"	"1.01e+06"	C+	"0.000"	"31508.441"	"4d.5s2"	"a 2D"	"3/2"	"4d2.(3F).5p"	"y 4F*"	"3/2"		"T4373"	"L7610"	
"318.6865"	"318.68637"	"0.00005"	"1"	"1.92e+05"	C+	"530.351"	"31909.164"	"4d.5s2"	"a 2D"	"5/2"	"4d2.(3F).5p"	"y 4F*"	"7/2"		"T9421"	"L7610"	
"319.22226"	"319.222497"	"0.000023"	"70"	""		"11359.757"	"42685.870"	"5s2.5p"	"z 2P*"	"3/2"	"4d.5s.(1D).5d"	"2P"	"3/2"		""	"L7610,L3475"	
"321.0304"	"321.03046"	"0.00004"	"1"	"3.0e+05"	C+	"530.351"	"31680.043"	"4d.5s2"	"a 2D"	"5/2"	"4d2.(3F).5p"	"y 4F*"	"5/2"		"T4373"	"L7610"	
"322.801"	"322.80880"	"0.00005"	""	"1.09e+05"	C+	"530.351"	"31508.441"	"4d.5s2"	"a 2D"	"5/2"	"4d2.(3F).5p"	"y 4F*"	"3/2"		"T4373"	"L7621"	
"334.1338"	"334.13401"	"0.00005"	"55"	"9.3e+05"	C+	"16066.064"	"45994.176"	"4d.5s.(3D).5p"	"z 2D*"	"5/2"	"5p2.(3P).4d?"	"f 2P"	"3/2"		"T9421"	"L7610,L3475"	
""	"335.03040"	"0.00005"	""	"1.21e+06"	C+	"16146.138"	"45994.176"	"4d.5s.(3D).5p"	"z 2D*"	"3/2"	"5p2.(3P).4d?"	"f 2P"	"3/2"		"T9421"	""	
"338.95551"	"338.95557"	"0.00003"	"85"	""		"15245.803"	"44748.195"	"4d.5s.(3D).5p"	"z 4F*"	"5/2"	"5p2.(3P).4d"	"h 4D"	"3/2"		""	"L7610,L3475"	
"339.8007"	"339.80058"	"0.00003"	"45"	""		"16234.382"	"45663.408"	"4d.5s.(3D).5p"	"z 4F*"	"9/2"	""	"3"	"7/2"		""	"L7610,L3475"	
"341.34425"	"341.34425"	"0.00004"	"85"	""		"15712.522"	"45008.460"	"4d.5s.(3D).5p"	"z 4F*"	"7/2"	"5p2.(3P).4d"	"h 4D"	"5/2"		""	"L7610,L3475"	
"345.19292"	"345.19286"	"0.00003"	"70"	""		"16234.382"	"45203.695"	"4d.5s.(3D).5p"	"z 4F*"	"9/2"	"5p2.(3P).4d"	"h 4D"	"7/2"		""	"L7610,L3475"	
"348.50448"	"348.504428"	"0.000024"	"600"	"6.7e+05"	B+	"0.000"	"28694.040"	"4d.5s2"	"a 2D"	"3/2"	"4d2.(3F).5p"	"z 4G*"	"5/2"		"T9421"	"L7610"	
"348.67200"	"348.67196"	"0.00003"	"170"	""		"10529.169"	"39209.422"	"5s2.5p"	"z 2P*"	"1/2"	"4d.5s.(3D).5d"	"2P"	"3/2"		""	"L7610,L3475"	
"351.15209"	"351.15216"	"0.00006"	"4"	"1.24e+06"	C+	"15712.522"	"44190.205"	"4d.5s.(3D).5p"	"z 4F*"	"7/2"	"5p2.(3P).4d"	"4F"	"9/2"		"T9421"	"L7610"	
"352.25399"	"352.25399"	"0.00004"	"80"	""		"14948.994"	"43337.601"	"4d.5s.(3D).5p"	"z 4F*"	"3/2"	"5p2.(3P).4d"	"4F"	"5/2"		""	"L7610,L3475"	
"355.06727"	"355.06712"	"0.00003"	"3"	"8.2e+04"	C+	"530.351"	"28694.040"	"4d.5s2"	"a 2D"	"5/2"	"4d2.(3F).5p"	"z 4G*"	"5/2"		"T9421"	"L7610"	
"355.28033"	"355.28035"	"0.00008"	"130"	""		"14948.994"	"43095.780"	"4d.5s.(3D).5p"	"z 4F*"	"3/2"	"5p2.(3P).4d"	"4F"	"3/2"		""	"L7610,L3475"	
"355.37054"	"355.37051"	"0.00003"	"540"	"2.28e+07"	B+	"0.000"	"28139.645"	"4d.5s2"	"a 2D"	"3/2"	"4d.5s.(1D).5p"	"x 2P*"	"3/2"		"T4373"	"L7610,L3475"	
"355.97579"	"355.97579"	"0.00004"	"170"	""		"15245.803"	"43337.601"	"4d.5s.(3D).5p"	"z 4F*"	"5/2"	"5p2.(3P).4d"	"4F"	"5/2"		""	"L7610,L3475"	
"357.24503"	"357.24507"	"0.00004"	"190"	""		"15712.522"	"43704.511"	"4d.5s.(3D).5p"	"z 4F*"	"7/2"	"5p2.(3P).4d"	"4F"	"7/2"		""	"L7610,L3475"	
"357.70735"	"357.70723"	"0.00007"	"260"	"9.0e+06"	B	"16234.382"	"44190.205"	"4d.5s.(3D).5p"	"z 4F*"	"9/2"	"5p2.(3P).4d"	"4F"	"9/2"		"T9421"	"L7610,L3475"	
"358.8767"	""	""	"300"	""		""	""	""	""	""	""	""	""		""	"L7610,L3475"	
"359.07074"	"359.07075"	"0.00003"	"100"	""		"11359.757"	"39209.422"	"5s2.5p"	"z 2P*"	"3/2"	"4d.5s.(3D).5d"	"2P"	"3/2"		""	"L7610,L3475"	
"359.3940"	"359.39360"	"0.00004"	"2800"	""		"0.000"	"27824.647"	"4d.5s2"	"a 2D"	"3/2"	"4d.5s.(1D).5p"	"x 2P*"	"1/2"		""	"L7610,L3475"	
"362.1972"	"362.19687"	"0.00003"	"4300"	"2.34e+08"	B+	"530.351"	"28139.645"	"4d.5s2"	"a 2D"	"5/2"	"4d.5s.(1D).5p"	"x 2P*"	"3/2"		"T4373"	"L7610,L3475"	
"369.35744"	"369.35739"	"0.00007"	"170"	"4.2e+06"	B	"17116.156"	"44190.205"	"4d.5s.(3D).5p"	"z 4D*"	"7/2"	"5p2.(3P).4d"	"4F"	"9/2"		"T9421"	"L7610,L3475"	
"371.91491"	"371.91492"	"0.00004"	"60"	""		"16816.641"	"43704.511"	"4d.5s.(3D).5p"	"z 4D*"	"5/2"	"5p2.(3P).4d"	"4F"	"7/2"		""	"L7610,L3475"	
"373.96736"	"373.96742"	"0.00004"	"60"	""		"16597.304"	"43337.601"	"4d.5s.(3D).5p"	"z 4D*"	"3/2"	"5p2.(3P).4d"	"4F"	"5/2"		""	"L7610,L3475"	
"375.0957"	"375.09556"	"0.00009"	"50"	""		"16435.907"	"43095.780"	"4d.5s.(3D).5p"	"z 4D*"	"1/2"	"5p2.(3P).4d"	"4F"	"3/2"		""	"L7610,L3475"	
"387.78813"	"387.78801"	"0.00005"	"80"	""		"16066.064"	"41853.349"	"4d.5s.(3D).5p"	"z 2D*"	"5/2"	""	"1.4"	"3/2"		""	"L7610,L3475"	
"388.88665"	"388.88666"	"0.00003"	"30"	""		"11359.757"	"37074.190"	"5s2.5p"	"z 2P*"	"3/2"	"4d.5s.(1D).6s"	"f 2D"	"5/2"		""	"L7610,L3475"	
"390.57022"	"390.57018"	"0.00003"	"60h"	""		"16066.064"	"41669.657"	"4d.5s.(3D).5p"	"z 2D*"	"5/2"	"4d.5s.(1D).5d"	"2D"	"5/2"		""	"L7610,L3475"	
""	"391.92778"	"0.00003"	""	"4.4e+06"	B+	"10937.390"	"36452.295"	"4d2.(3F).5s"	"a 4F"	"3/2"	"4d2.(1D).5p"	"w 2D*"	"3/2"		"T9421"	""	
"391.9358"	"391.93580"	"0.00005"	"50h"	""		"16146.138"	"41660.521"	"4d.5s.(3D).5p"	"z 2D*"	"3/2"	"4d.5s.(1D).5d"	"2D"	"3/2"		""	"L7610,L3475"	
"393.1211"	"393.12079"	"0.00005"	"60h"	""		"16066.064"	"41503.538"	"4d.5s.(3D).5p"	"z 2D*"	"5/2"	"4d.5s.(3D).5d"	"2D"	"5/2"		""	"L7610,L3475"	
"395.62042"	"395.62047"	"0.00003"	"60h"	""		"16146.138"	"41422.889"	"4d.5s.(3D).5p"	"z 2D*"	"3/2"	"4d.5s.(3D).5d"	"2D"	"3/2"		""	"L7610,L3475"	
"398.86081"	"398.860726"	"0.000022"	"40"	""		"11359.757"	"36431.165"	"5s2.5p"	"z 2P*"	"3/2"	"4d.5s.(3D).6s"	"f 2D"	"5/2"		""	"L7610,L3475"	
""	"399.09082"	"0.00004"	""	"7.1e+06"	B	"11078.614"	"36135.567"	"4d2.(3F).5s"	"a 4F"	"5/2"	"4d2.(3P).5p"	"z 4S*"	"3/2"		"T9421"	""	
"404.0967"	"404.096357"	"0.000016"	"940"	"1.12e+07"	B+	"0.000"	"24746.573"	"4d.5s2"	"a 2D"	"3/2"	"4d.5s.(1D).5p"	"y 2D*"	"5/2"		"T4373"	"L7610,L3475"	
"404.87718"	"404.87715"	"0.00003"	"2400"	""		"0.000"	"24698.850"	"4d.5s2"	"a 2D"	"3/2"	"4d.5s.(3D).5p"	"y 2P*"	"1/2"		""	"L7610,L3475"	
"407.8510"	"407.851118"	"0.000017"	"9400"	"1.11e+08"	C+	"0.000"	"24518.751"	"4d.5s2"	"a 2D"	"3/2"	"4d.5s.(1D).5p"	"y 2F*"	"5/2"		"T4373"	"L7610,L3475"	
"408.23374"	"408.23375"	"0.00004"	"90h"	""		"18499.315"	"42995.085"	"4d2.(1G).5s"	"a 2G"	"9/2"	"4d2.(1G).5p"	"v 2F*"	"7/2"		""	"L7610,L3475"	
"408.4858"	"408.48562"	"0.00003"	"2000"	"2.5e+07"	C+	"0.000"	"24480.666"	"4d.5s2"	"a 2D"	"3/2"	"4d.5s.(3D).5p"	"y 2P*"	"3/2"		"T4373"	"L7610,L3475"	
""	"408.73722"	"0.00007"	""	"3.8e+06"	C+	"21528.579"	"45994.176"	"4d.5s.(3D).5p"	"z 2F*"	"5/2"	"5p2.(3P).4d?"	"f 2P"	"3/2"		"T9421"	""	
"410.3522"	"410.35269"	"0.00004"	"9900"	"1.27e+08"	C+	"530.351"	"24899.632"	"4d.5s2"	"a 2D"	"5/2"	"4d.5s.(1D).5p"	"y 2F*"	"7/2"		"T4373"	"L7610,L3475"	
"410.75430"	"410.75432"	"0.00015"	"60h"	""		"18512.402"	"42857.855"	"4d2.(1G).5s"	"a 2G"	"7/2"	"4d2.(1G).5p"	"v 2F*"	"5/2"		""	"L7610,L3475"	
"411.1965"	"411.19635"	"0.00007"	"80"	""		"15245.803"	"39565.085"	"4d.5s.(3D).5p"	"z 4F*"	"5/2"	"4d.5s.(3D).5d"	"e 4F"	"5/2"		""	"L7610,L3475"	
"412.9469"	"412.946330"	"0.000024"	"8900"	"1.56e+08"	A	"530.351"	"24746.573"	"4d.5s2"	"a 2D"	"5/2"	"4d.5s.(1D).5p"	"y 2D*"	"5/2"		"T4373"	"L7611,L3475"	
"414.4009"	"414.40041"	"0.00003"	"7500"	"1.59e+08"	B+	"0.000"	"24131.250"	"4d.5s2"	"a 2D"	"3/2"	"4d.5s.(1D).5p"	"y 2D*"	"3/2"		"T4373"	"L7610,L3475"	
"415.8796"	"415.87961"	"0.00007"	"100h"	""		"15712.522"	"39757.942"	"4d.5s.(3D).5p"	"z 4F*"	"7/2"	"4d.5s.(3D).5d"	"e 4F"	"7/2"		""	"L7610,L3475"	
"416.86879"	"416.868153"	"0.000025"	"2400"	"2.4e+07"	C	"530.351"	"24518.751"	"4d.5s2"	"a 2D"	"5/2"	"4d.5s.(1D).5p"	"y 2F*"	"5/2"		"T4373"	"L7610,L3475"	
"417.53098"	"417.53104"	"0.00004"	"2000"	"3.1e+07"	C+	"530.351"	"24480.666"	"4d.5s2"	"a 2D"	"5/2"	"4d.5s.(3D).5p"	"y 2P*"	"3/2"		"T4373"	"L7610,L3475"	
"421.42048"	"421.42036"	"0.00006"	"80"	""		"16234.382"	"39963.658"	"4d.5s.(3D).5p"	"z 4F*"	"9/2"	"4d.5s.(3D).5d"	"2F"	"7/2"		""	"L7610,L3475"	
"421.4711"	"421.47091"	"0.00004"	"40"	""		"14948.994"	"38675.424"	"4d.5s.(3D).5p"	"z 4F*"	"3/2"	"4d.5s.(3D).5d"	"f 4D"	"5/2"		""	"L7610,L3475"	
"421.8987"	"421.89865"	"0.00003"	"160"	""		"10529.169"	"34231.544"	"5s2.5p"	"z 2P*"	"1/2"	"5s2.(2D).5d"	"e 2D"	"3/2"		""	"L7610,L3475"	
"422.18178"	"422.18164"	"0.00006"	"280h"	""		"14948.994"	"38635.481"	"4d.5s.(3D).5p"	"z 4F*"	"3/2"	"4d.5s.(3D).5d"	"e 4G"	"5/2"		""	"L7610,L3475"	
"422.54426"	"422.54428"	"0.00006"	"80"	""		"16234.382"	"39900.541"	"4d.5s.(3D).5p"	"z 4F*"	"9/2"	"4d.5s.(3D).5d"	"e 4F"	"9/2"		""	"L7610,L3475"	
"423.24933"	"423.24920"	"0.00003"	"3"	"1.2e+06"	D+	"10529.169"	"34155.912"	"5s2.5p"	"z 2P*"	"1/2"	"5p2.(3P).5s"	"e 4P"	"3/2"		"T4373"	"L7610"	
"423.37331"	"423.37334"	"0.00003"	"14"	"2.0e+06"	D+	"15245.803"	"38865.618"	"4d.5s.(3D).5p"	"z 4F*"	"5/2"	"4d.5s.(3D).5d"	"f 4D"	"7/2"		"T4373"	"L7610"	
"423.7122"	"423.71267"	"0.00004"	"2200"	"3.00e+07"	B+	"530.351"	"24131.250"	"4d.5s2"	"a 2D"	"5/2"	"4d.5s.(1D).5p"	"y 2D*"	"3/2"		"T4373"	"L7610,L3475"	
"425.2398"	"425.23962"	"0.00006"	"300"	""		"15245.803"	"38761.956"	"4d.5s.(3D).5p"	"z 4F*"	"5/2"	"4d.5s.(3D).5d"	"e 4G"	"7/2"		""	"L7610,L3475"	
"430.35001"	"430.35002"	"0.00008"	"360h"	""		"15712.522"	"38949.421"	"4d.5s.(3D).5p"	"z 4F*"	"7/2"	"4d.5s.(3D).5d"	"e 4G"	"9/2"		""	"L7610,L3475"	
"431.75171"	"431.75164"	"0.00003"	"50"	""		"11359.757"	"34521.221"	"5s2.5p"	"z 2P*"	"3/2"	"5p2.(3P).5s"	"e 4P"	"5/2"		""	"L7610,L3475"	
"431.90774"	"431.90768"	"0.00003"	"8"	"1.5e+06"	D+	"15712.522"	"38865.618"	"4d.5s.(3D).5p"	"z 4F*"	"7/2"	"4d.5s.(3D).5d"	"f 4D"	"7/2"		"T4373"	"L7610"	
"433.19880"	"433.19897"	"0.00004"	"110"	""		"10529.169"	"33613.250"	"5s2.5p"	"z 2P*"	"1/2"	"4d3"	"2P"	"1/2"		""	"L7610,L3475"	
"433.8494"	"433.85013"	"0.00006"	"30"	""		"15712.522"	"38761.956"	"4d.5s.(3D).5p"	"z 4F*"	"7/2"	"4d.5s.(3D).5d"	"e 4G"	"7/2"		""	"L7610,L3475"	
"434.58569"	"434.58582"	"0.00008"	"60"	""		"16435.907"	"39446.322"	"4d.5s.(3D).5p"	"z 4D*"	"1/2"	"4d.5s.(3D).5d"	"e 4F"	"3/2"		""	"L7610,L3475"	
"435.0005"	"435.0005"	"0.0006"	"440h"	""		"16234.382"	"39222.861"	"4d.5s.(3D).5p"	"z 4F*"	"9/2"	"4d.5s.(3D).5d"	"e 4G"	"11/2"		""	"L7610,L3475"	
"435.3545"	"435.35427"	"0.00003"	"60"	""		"11277.928"	"34247.727"	"4d2.(3F).5s"	"a 4F"	"7/2"	"4d2.(3F).5p"	"x 2D*"	"5/2"		""	"L7610,L3475"	
"435.3627"	"435.36238"	"0.00003"	"4"	"6.6e+05"	C+	"10937.390"	"33906.761"	"4d2.(3F).5s"	"a 4F"	"3/2"	"4d2.(3F).5p"	"x 2D*"	"3/2"		"T4373"	"L7610"	
"435.3926"	"435.39252"	"0.00008"	"60"	""		"16597.304"	"39565.085"	"4d.5s.(3D).5p"	"z 4D*"	"3/2"	"4d.5s.(3D).5d"	"e 4F"	"5/2"		""	"L7610,L3475"	
"435.8951"	"435.89507"	"0.00008"	"120"	""		"16816.641"	"39757.942"	"4d.5s.(3D).5p"	"z 4D*"	"5/2"	"4d.5s.(3D).5d"	"e 4F"	"7/2"		""	"L7610,L3475"	
"436.72505"	"436.72528"	"0.00003"	"120"	"1.37e+07"	C+	"11359.757"	"34257.447"	"5s2.5p"	"z 2P*"	"3/2"	"5s2.(2D).5d"	"e 2D"	"5/2"		"T4373"	"L7610,L3475"	
"437.6844"	"437.68461"	"0.00006"	"150h"	""		"17116.156"	"39963.658"	"4d.5s.(3D).5p"	"z 4D*"	"7/2"	"4d.5s.(3D).5d"	"2F"	"7/2"		""	"L7610,L3475"	
"438.0557"	"438.05570"	"0.00003"	"80"	"7.9e+06"	B+	"11078.614"	"33906.761"	"4d2.(3F).5s"	"a 4F"	"5/2"	"4d2.(3F).5p"	"x 2D*"	"3/2"		"T4373"	"L7610,L3475"	
"438.6706"	"438.67047"	"0.00003"	"30"	"6.9e+06"	D+	"11359.757"	"34155.912"	"5s2.5p"	"z 2P*"	"3/2"	"5p2.(3P).5s"	"e 4P"	"3/2"		"T4373"	"L7610,L3475"	
"438.8971"	"438.89708"	"0.00006"	"100"	""		"17116.156"	"39900.541"	"4d.5s.(3D).5p"	"z 4D*"	"7/2"	"4d.5s.(3D).5d"	"e 4F"	"9/2"		""	"L7610,L3475"	
"439.5241"	"439.52423"	"0.00004"	"30"	"1.95e+06"	B+	"11277.928"	"34029.802"	"4d2.(3F).5s"	"a 4F"	"7/2"	"4d2.(3F).5p"	"x 2F*"	"7/2"		"T4373"	"L7610,L3475"	
"439.5904"	"439.59051"	"0.00008"	"30"	""		"16816.641"	"39565.085"	"4d.5s.(3D).5p"	"z 4D*"	"5/2"	"4d.5s.(3D).5d"	"e 4F"	"5/2"		""	"L7610,L3475"	
"441.0938"	"441.09366"	"0.00003"	"2"	"2.8e+05"	D+	"10937.390"	"33608.312"	"4d2.(3F).5s"	"a 4F"	"3/2"	"4d2.(3F).5p"	"x 2F*"	"5/2"		"T4373"	"L7610"	
"441.86712"	"441.86716"	"0.00004"	"30"	"3.2e+06"	D+	"16234.382"	"38865.618"	"4d.5s.(3D).5p"	"z 4F*"	"9/2"	"4d.5s.(3D).5d"	"f 4D"	"7/2"		"T4373"	"L7610"	
"443.85860"	"443.85859"	"0.00003"	"80"	"8.6e+06"	B+	"11078.614"	"33608.312"	"4d2.(3F).5s"	"a 4F"	"5/2"	"4d2.(3F).5p"	"x 2F*"	"5/2"		"T4373"	"L7610,L3475"	
"444.4899"	"444.48976"	"0.00006"	"100"	"1.04e+07"	B+	"11532.096"	"34029.802"	"4d2.(3F).5s"	"a 4F"	"9/2"	"4d2.(3F).5p"	"x 2F*"	"7/2"		"T4373"	"L7610,L3475"	
"444.78708"	"444.78723"	"0.00003"	"130"	""		"11359.757"	"33842.417"	"5s2.5p"	"z 2P*"	"3/2"	"4d3"	"2P"	"3/2"		""	"L7610,L3475"	
"446.0261"	"446.02599"	"0.00003"	"37"	"1.77e+06"	B+	"10937.390"	"33357.608"	"4d2.(3F).5s"	"a 4F"	"3/2"	"4d2.(3F).5p"	"y 4D*"	"5/2"		"T4373"	"L7610"	
"446.6520"	""	""	"20"	""		""	""	""	""	""	""	""	""		""	"L7593,L3475"	
""	"447.35768"	"0.00003"	""	"6.3e+05"	B+	"11078.614"	"33432.092"	"4d2.(3F).5s"	"a 4F"	"5/2"	"4d2.(3F).5p"	"z 2G*"	"7/2"		"T9421"	""	
"447.51310"	"447.51325"	"0.00004"	"40"	""		"16066.064"	"38411.771"	"4d.5s.(3D).5p"	"z 2D*"	"5/2"	"4d3"	"2F"	"7/2"		""	"L7610,L3475"	
"447.6977"	"447.69737"	"0.00004"	"170"	""		"11277.928"	"33614.445"	"4d2.(3F).5s"	"a 4F"	"7/2"	"4d2.(3F).5p"	"y 4D*"	"7/2"		""	"L7610,L3475"	
"447.8207"	"447.82033"	"0.00003"	"180"	"2.72e+07"	B+	"11277.928"	"33608.312"	"4d2.(3F).5s"	"a 4F"	"7/2"	"4d2.(3F).5p"	"x 2F*"	"5/2"		"T4373"	"L7610,L3475"	
"447.86988"	"447.86999"	"0.00003"	"160"	"3.21e+07"	B+	"10937.390"	"33265.298"	"4d2.(3F).5s"	"a 4F"	"3/2"	"4d2.(3F).5p"	"y 4D*"	"3/2"		"T9421"	"L7610,L3475"	
"448.56971"	"448.56953"	"0.00004"	"45"	"4.6e+06"	B+	"15326.741"	"37619.829"	"4d2.(3F).5s"	"a 2F"	"5/2"	"4d2.(1D).5p"	"w 2F*"	"7/2"		"T9421"	"L7610"	
"448.8538"	"448.85330"	"0.00003"	"110"	"2.01e+07"	B+	"11078.614"	"33357.608"	"4d2.(3F).5s"	"a 4F"	"5/2"	"4d2.(3F).5p"	"y 4D*"	"5/2"		"T4373"	"L7610,L3475"	
"448.8719"	"448.87224"	"0.00008"	"300"	"1.49e+08"	B+	"10937.390"	"33215.444"	"4d2.(3F).5s"	"a 4F"	"3/2"	"4d2.(3F).5p"	"y 4D*"	"1/2"		"T4373"	"L7610,L3475"	
"449.29997"	"449.29968"	"0.00006"	"30"	"2.3e+06"	C+	"11532.096"	"33788.956"	"4d2.(3F).5s"	"a 4F"	"9/2"	"4d2.(3F).5p"	"z 2G*"	"9/2"		"T4373"	"L7610,L3475"	
"449.36784"	"449.36766"	"0.00005"	"25"	""		"11359.757"	"33613.250"	"5s2.5p"	"z 2P*"	"3/2"	"4d3"	"2P"	"1/2"		""	"L7610,L3475"	
"450.7212"	"450.72080"	"0.00003"	"500"	"1.01e+08"	B+	"11078.614"	"33265.298"	"4d2.(3F).5s"	"a 4F"	"5/2"	"4d2.(3F).5p"	"y 4D*"	"3/2"		"T9421"	"L7610,L3475"	
"451.3827"	"451.38241"	"0.00003"	"1"	"2.57e+05"	B+	"11277.928"	"33432.092"	"4d2.(3F).5s"	"a 4F"	"7/2"	"4d2.(3F).5p"	"z 2G*"	"7/2"		"T9421"	"L7610"	
"451.48404"	"451.48396"	"0.00008"	"50"	"1.66e+07"	A	"15326.741"	"37475.922"	"4d2.(3F).5s"	"a 2F"	"5/2"	"4d2.(3P).5p"	"y 4P*"	"5/2"		"T4373"	"L7610,L3475"	
"451.5273"	"451.52726"	"0.00008"	"80"	"3.34e+07"	A	"15328.865"	"37475.922"	"4d2.(3P).5s"	"a 4P"	"3/2"	"4d2.(3P).5p"	"y 4P*"	"5/2"		"T4373"	"L7610,L3475"	
"452.3297"	"452.32949"	"0.00005"	"40h"	""		"16435.907"	"38543.685"	"4d.5s.(3D).5p"	"z 4D*"	"1/2"	"4d.5s.(3D).5d"	"f 4D"	"3/2"		""	"L7610,L3475"	
"452.8509"	"452.85037"	"0.00006"	"890"	""		"11532.096"	"33614.445"	"4d2.(3F).5s"	"a 4F"	"9/2"	"4d2.(3F).5p"	"y 4D*"	"7/2"		""	"L7610,L3475"	
"452.9053"	"452.90511"	"0.00003"	"440"	"8.3e+07"	B+	"11277.928"	"33357.608"	"4d2.(3F).5s"	"a 4F"	"7/2"	"4d2.(3F).5p"	"y 4D*"	"5/2"		"T4373"	"L7610,L3475"	
"453.53582"	"453.53578"	"0.00003"	"21"	"4.4e+06"	D+	"16816.641"	"38865.618"	"4d.5s.(3D).5p"	"z 4D*"	"5/2"	"4d.5s.(3D).5d"	"f 4D"	"7/2"		"T4373"	"L7610"	
"454.55800"	"454.55808"	"0.00009"	"100"	"4.10e+07"	A	"15476.533"	"37475.922"	"4d2.(3P).5s"	"a 4P"	"5/2"	"4d2.(3P).5p"	"y 4P*"	"5/2"		"T4373"	"L7610,L3475"	
"456.0640"	"456.06406"	"0.00007"	"100"	"3.8e+07"	B	"15221.633"	"37148.377"	"4d2.(3P).5s"	"a 4P"	"1/2"	"4d2.(3P).5p"	"y 4P*"	"3/2"		"T9421"	"L7610,L3475"	
"456.56706"	"456.56688"	"0.00007"	"30"	""		"10529.169"	"32431.765"	"5s2.5p"	"z 2P*"	"1/2"	"4d3 <1>"	"2D"	"3/2"		""	"L7610,L3475"	
"456.62129"	"456.62109"	"0.00005"	"57"	"1.74e+06"	B+	"11532.096"	"33432.092"	"4d2.(3F).5s"	"a 4F"	"9/2"	"4d2.(3F).5p"	"z 2G*"	"7/2"		"T9421"	"L7610"	
"457.4819"	"457.48201"	"0.00005"	"50h"	""		"16816.641"	"38675.424"	"4d.5s.(3D).5p"	"z 4D*"	"5/2"	"4d.5s.(3D).5d"	"f 4D"	"5/2"		""	"L7610,L3475"	
"458.2609"	"458.26078"	"0.00007"	"35"	"1.48e+07"	B+	"15326.741"	"37148.377"	"4d2.(3F).5s"	"a 2F"	"5/2"	"4d2.(3P).5p"	"y 4P*"	"3/2"		"T9421"	"L7610,L3475"	
"458.30550"	"458.30539"	"0.00007"	"30"	"8.7e+06"	B+	"15328.865"	"37148.377"	"4d2.(3P).5s"	"a 4P"	"3/2"	"4d2.(3P).5p"	"y 4P*"	"3/2"		"T9421"	"L7610,L3475"	
"458.3444"	"458.3445"	"0.0003"	"25"	"1.79e+07"	C+	"15221.633"	"37039.285"	"4d2.(3P).5s"	"a 4P"	"1/2"	"4d2.(3P).5p"	"y 4P*"	"1/2"		"T9421"	"L7610"	
"459.7816"	"459.78149"	"0.00003"	"130"	"1.9e+07"	D+	"17116.156"	"38865.618"	"4d.5s.(3D).5p"	"z 4D*"	"7/2"	"4d.5s.(3D).5d"	"f 4D"	"7/2"		"T4373"	"L7610,L3475"	
"460.6083"	"460.6083"	"0.0003"	"95"	"7.1e+07"	B	"15328.865"	"37039.285"	"4d2.(3P).5s"	"a 4P"	"3/2"	"4d2.(3P).5p"	"y 4P*"	"1/2"		"T9421"	"L7610,L3475"	
"461.42830"	"461.42820"	"0.00007"	"40"	"1.66e+07"	B+	"15476.533"	"37148.377"	"4d2.(3P).5s"	"a 4P"	"5/2"	"4d2.(3P).5p"	"y 4P*"	"3/2"		"T9421"	"L7610,L3475"	
"464.4998"	"464.498841"	"0.000022"	"2000"	"1.8e+07"	C+	"0.000"	"21528.579"	"4d.5s2"	"a 2D"	"3/2"	"4d.5s.(3D).5p"	"z 2F*"	"5/2"		"T4373"	"L7610,L3475"	
"465.50873"	"465.50867"	"0.00009"	"140"	"1.56e+07"	A	"15994.045"	"37475.922"	"4d2.(1D).5s"	"b 2D"	"3/2"	"4d2.(3P).5p"	"y 4P*"	"5/2"		"T4373"	"L7610"	
"465.96228"	"465.96229"	"0.00005"	"200h"	"5.2e+07"	B+	"16158.865"	"37619.829"	"4d2.(1D).5s"	"b 2D"	"5/2"	"4d2.(1D).5p"	"w 2F*"	"7/2"		"T9421"	"L7610,L3475"	
"466.0186"	"466.01847"	"0.00018"	"70"	""		"16066.064"	"37524.441"	"4d.5s.(3D).5p"	"z 2D*"	"5/2"	"4d3 <2>"	"2D"	"5/2"		""	"L7610,L3475"	
"466.87796"	"466.8784+"	""	"85"	""		"15994.045"	"37412.90"	"4d2.(1D).5s"	"b 2D"	"3/2"	""	""	"5/2"		""	"L7610,L3475"	
"467.2159"	"467.21584"	"0.00011"	"60"	""		"16146.138"	"37549.522"	"4d.5s.(3D).5p"	"z 2D*"	"3/2"	"4d3 <2>"	"2D"	"3/2"		""	"L7610,L3475"	
"467.6157"	"467.61572"	"0.00003"	"2000"	"1.33e+07"	C+	"530.351"	"21915.432"	"4d.5s2"	"a 2D"	"5/2"	"4d.5s.(3D).5p"	"z 2F*"	"7/2"		"T4373"	"L7610,L3475"	
"467.96661"	"467.96659"	"0.00009"	"60"	""		"19147.983"	"40517.030"	"4d.5s.(3D).5p"	"z 4P*"	"5/2"	"4d.5s.(3D).5d"	"f 4P"	"5/2"		""	"L7610,L3475"	
"469.1079"	"469.10791"	"0.00009"	"85"	"3.39e+07"	A	"16158.865"	"37475.922"	"4d2.(1D).5s"	"b 2D"	"5/2"	"4d2.(3P).5p"	"y 4P*"	"5/2"		"T4373"	"L7610,L3475"	
""	"469.58661"	"0.00010"	""	"5.0e+06"	C+	"24698.850"	"45994.176"	"4d.5s.(3D).5p"	"y 2P*"	"1/2"	"5p2.(3P).4d?"	"f 2P"	"3/2"		"T9421"	""	
"469.8113"	"469.81138"	"0.00018"	"180"	""		"15994.045"	"37279.183"	"4d2.(1D).5s"	"b 2D"	"3/2"	"4d2.(1D).5p"	"w 2F*"	"5/2"		""	"L7610,L3475"	
"471.01688"	"471.01687"	"0.00006"	"35"	"9.2e+06"	B+	"15221.633"	"36452.295"	"4d2.(3P).5s"	"a 4P"	"1/2"	"4d2.(1D).5p"	"w 2D*"	"3/2"		"T9421"	"L7610,L3475"	
"472.71637"	"472.71642"	"0.00007"	"60"	"1.38e+07"	B+	"15994.045"	"37148.377"	"4d2.(1D).5s"	"b 2D"	"3/2"	"4d2.(3P).5p"	"y 4P*"	"3/2"		"T9421"	"L7610,L3475"	
"472.98367"	"472.98387"	"0.00007"	"170"	""		"10529.169"	"31671.539"	"5s2.5p"	"z 2P*"	"1/2"	"5s2.6s"	"e 2S"	"1/2"		""	"L7610,L3475"	
"473.36033"	"473.36037"	"0.00005"	"51"	"2.28e+07"	B+	"15326.741"	"36452.295"	"4d2.(3F).5s"	"a 2F"	"5/2"	"4d2.(1D).5p"	"w 2D*"	"3/2"		"T9421"	"L7610"	
"473.37227"	"473.37231"	"0.00005"	"60h"	""		"16158.865"	"37283.886"	"4d2.(1D).5s"	"b 2D"	"5/2"	"5s2.(1S).6p"	"2P*"	"3/2"		""	"L7610,L3475"	
"473.40781"	"473.40796"	"0.00005"	"1"	"1.47e+06"	B+	"15328.865"	"36452.295"	"4d2.(3P).5s"	"a 4P"	"3/2"	"4d2.(1D).5p"	"w 2D*"	"3/2"		"T9421"	"L7610"	
"474.2727"	"474.27268"	"0.00007"	"85"	""		"16158.865"	"37243.782"	"4d2.(1D).5s"	"b 2D"	"5/2"	"4d2.(1D).5p"	"w 2P*"	"3/2"		""	"L7610,L3475"	
"475.41192"	"475.41162"	"0.00007"	"160"	"3.31e+07"	B+	"15326.741"	"36361.145"	"4d2.(3F).5s"	"a 2F"	"5/2"	"4d2.(3P).5p"	"x 4D*"	"7/2"		"T9421"	"L7610,L3475"	
"476.2309"	"476.23066"	"0.00003"	"410"	"3.5e+06"	C+	"530.351"	"21528.579"	"4d.5s2"	"a 2D"	"5/2"	"4d.5s.(3D).5p"	"z 2F*"	"5/2"		"T4373"	"L7610,L3475"	
"476.4287"	"476.42842"	"0.00007"	"4"	"3.8e+06"	B	"16158.865"	"37148.377"	"4d2.(1D).5s"	"b 2D"	"5/2"	"4d2.(3P).5p"	"y 4P*"	"3/2"		"T9421"	"L7610"	
"476.74105"	"476.74073"	"0.00005"	"3"	"2.28e+06"	B	"15476.533"	"36452.295"	"4d2.(3P).5s"	"a 4P"	"5/2"	"4d2.(1D).5p"	"w 2D*"	"3/2"		"T9421"	"L7610"	
"478.1499"	"478.15012"	"0.00006"	"17"	"7.6e+06"	B+	"15221.633"	"36135.567"	"4d2.(3P).5s"	"a 4P"	"1/2"	"4d2.(3P).5p"	"z 4S*"	"3/2"		"T9421"	"L7610,L3475"	
"478.23697"	"478.23671"	"0.00009"	"120"	"1.01e+07"	B	"11277.928"	"32188.075"	"4d2.(3F).5s"	"a 4F"	"7/2"	"4d2.(3F).5p"	"y 4F*"	"9/2"		"T4373"	"L7610,L3475"	
"478.82135"	"478.82144"	"0.00007"	"170"	"4.4e+07"	B+	"15476.533"	"36361.145"	"4d2.(3P).5s"	"a 4P"	"5/2"	"4d2.(3P).5p"	"x 4D*"	"7/2"		"T9421"	"L7610,L3475"	
"480.06423"	"480.06414"	"0.00012"	"180"	"1.57e+07"	B+	"11078.614"	"31909.164"	"4d2.(3F).5s"	"a 4F"	"5/2"	"4d2.(3F).5p"	"y 4F*"	"7/2"		"T9421"	"L7610,L3475"	
"480.5656"	"480.56531"	"0.00005"	"50"	"2.26e+07"	B+	"15326.741"	"36135.567"	"4d2.(3F).5s"	"a 2F"	"5/2"	"4d2.(3P).5p"	"z 4S*"	"3/2"		"T9421"	"L7610,L3475"	
"480.6146"	"480.61437"	"0.00005"	"70"	"3.47e+07"	B+	"15328.865"	"36135.567"	"4d2.(3P).5s"	"a 4P"	"3/2"	"4d2.(3P).5p"	"z 4S*"	"3/2"		"T9421"	"L7610,L3475"	
"482.09855"	"482.09841"	"0.00010"	"140"	"1.58e+07"	B	"10937.390"	"31680.043"	"4d2.(3F).5s"	"a 4F"	"3/2"	"4d2.(3F).5p"	"y 4F*"	"5/2"		"T4373"	"L7610,L3475"	
"482.29753"	"482.29726"	"0.00007"	"22"	"1.03e+07"	B+	"15326.741"	"36060.842"	"4d2.(3F).5s"	"a 2F"	"5/2"	"4d2.(3P).5p"	"x 4D*"	"5/2"		"T4373"	"L7610"	
"482.3469"	"482.34667"	"0.00007"	"120"	"5.06e+07"	B+	"15328.865"	"36060.842"	"4d2.(3P).5s"	"a 4P"	"3/2"	"4d2.(3P).5p"	"x 4D*"	"5/2"		"T4373"	"L7610,L3475"	
"484.04991"	"484.04974"	"0.00005"	"60"	"3.05e+07"	B+	"15476.533"	"36135.567"	"4d2.(3P).5s"	"a 4P"	"5/2"	"4d2.(3P).5p"	"z 4S*"	"3/2"		"T9421"	"L7610,L3475"	
"484.1218"	"484.12133"	"0.00010"	"770"	"8.6e+07"	B	"11532.096"	"32188.075"	"4d2.(3F).5s"	"a 4F"	"9/2"	"4d2.(3F).5p"	"y 4F*"	"9/2"		"T4373"	"L7610,L3475"	
"484.7022"	"484.70193"	"0.00012"	"550"	"6.8e+07"	B+	"11277.928"	"31909.164"	"4d2.(3F).5s"	"a 4F"	"7/2"	"4d2.(3F).5p"	"y 4F*"	"7/2"		"T9421"	"L7610,L3475"	
"485.4038"	"485.40322"	"0.00010"	"410"	"6.3e+07"	B	"11078.614"	"31680.043"	"4d2.(3F).5s"	"a 4F"	"5/2"	"4d2.(3F).5p"	"y 4F*"	"5/2"		"T4373"	"L7610,L3475"	
"485.5599"	"485.56007"	"0.00009"	"120"	""		"15221.633"	"35816.407"	"4d2.(3P).5s"	"a 4P"	"1/2"	"4d2.(3P).5p"	"x 4D*"	"3/2"		""	"L7610,L3475"	
"485.8071"	"485.80693"	"0.00007"	"50"	"2.01e+07"	B+	"15476.533"	"36060.842"	"4d2.(3P).5s"	"a 4P"	"5/2"	"4d2.(3P).5p"	"x 4D*"	"5/2"		"T4373"	"L7610,L3475"	
"486.11989"	"486.12003"	"0.00012"	"330"	"7.3e+07"	B	"10937.390"	"31508.441"	"4d2.(3F).5s"	"a 4F"	"3/2"	"4d2.(3F).5p"	"y 4F*"	"3/2"		"T4373"	"L7610,L3475"	
""	"487.88427"	"0.00008"	""	"1.94e+05"	B	"15864.481"	"36361.145"	"4d2.(3F).5s"	"a 2F"	"7/2"	"4d2.(3P).5p"	"x 4D*"	"7/2"		"T9421"	""	
"488.1015"	"488.10150"	"0.00008"	"50"	""		"15328.865"	"35816.407"	"4d2.(3P).5s"	"a 4P"	"3/2"	"4d2.(3P).5p"	"x 4D*"	"3/2"		""	"L7610,L3475"	
"488.7656"	"488.76560"	"0.00013"	"50"	""		"15221.633"	"35681.338"	"4d2.(3P).5s"	"a 4P"	"1/2"	"4d2.(3P).5p"	"x 4D*"	"1/2"		""	"L7610,L3475"	
"488.8005"	"488.80036"	"0.00005"	"40"	"2.43e+07"	B+	"15994.045"	"36452.295"	"4d2.(1D).5s"	"b 2D"	"3/2"	"4d2.(1D).5p"	"w 2D*"	"3/2"		"T9421"	"L7610,L3475"	
"489.4802"	"489.48041"	"0.00012"	"95"	"2.22e+07"	C+	"11078.614"	"31508.441"	"4d2.(3F).5s"	"a 4F"	"5/2"	"4d2.(3F).5p"	"y 4F*"	"3/2"		"T4373"	"L7610,L3475"	
""	"490.14526"	"0.00010"	"m(Y II)"	"1.98e+07"	B	"11277.928"	"31680.043"	"4d2.(3F).5s"	"a 4F"	"7/2"	"4d2.(3F).5p"	"y 4F*"	"5/2"		"T4373"	"L3475"	
"490.7478"	"490.74774"	"0.00013"	"100"	"1.20e+07"	B	"11532.096"	"31909.164"	"4d2.(3F).5s"	"a 4F"	"9/2"	"4d2.(3F).5p"	"y 4F*"	"7/2"		"T9421"	"L7610,L3475"	
"491.03603"	"491.03611"	"0.00003"	"45"	""		"16066.064"	"36431.165"	"4d.5s.(3D).5p"	"z 2D*"	"5/2"	"4d.5s.(3D).6s"	"f 2D"	"5/2"		""	"L7610,L3475"	
"492.3251"	"492.32509"	"0.00008"	"150"	""		"11359.757"	"31671.539"	"5s2.5p"	"z 2P*"	"3/2"	"5s2.6s"	"e 2S"	"1/2"		""	"L7610,L3475"	
"492.77032"	"492.77032"	"0.00005"	"10"	"8.4e+06"	B+	"16158.865"	"36452.295"	"4d2.(1D).5s"	"b 2D"	"5/2"	"4d2.(1D).5p"	"w 2D*"	"3/2"		"T9421"	"L7610"	
"493.2311"	"493.23107"	"0.00005"	"35"	""		"16146.138"	"36420.611"	"4d.5s.(3D).5p"	"z 2D*"	"3/2"	"4d.5s.(3D).6s"	"f 2D"	"3/2"		""	"L7610,L3475"	
"494.99364"	"494.99363"	"0.00008"	"6"	"3.8e+06"	B+	"16158.865"	"36361.145"	"4d2.(1D).5s"	"b 2D"	"5/2"	"4d2.(3P).5p"	"x 4D*"	"7/2"		"T9421"	"L7610"	
"495.1386"	"495.13870"	"0.00008"	"3"	"1.98e+06"	B+	"15864.481"	"36060.842"	"4d2.(3F).5s"	"a 2F"	"7/2"	"4d2.(3P).5p"	"x 4D*"	"5/2"		"T4373"	"L7610"	
"495.20425"	""	""	"45"	""		""	""	""	""	""	""	""	""		""	"L7610,L3475"	
"496.4874"	"496.48681"	"0.00006"	"1"	"1.43e+06"	B	"15994.045"	"36135.567"	"4d2.(1D).5s"	"b 2D"	"3/2"	"4d2.(3P).5p"	"z 4S*"	"3/2"		"T9421"	"L7610"	
"497.56915"	"497.56915"	"0.00008"	"120"	""		"18499.315"	"38597.024"	"4d2.(1G).5s"	"a 2G"	"9/2"	"4d2.(1G).5p"	"y 2G*"	"9/2"		""	"L7610,L3475"	
"498.33546"	"498.33563"	"0.00008"	"1"	"4.6e+05"	C+	"15994.045"	"36060.842"	"4d2.(1D).5s"	"b 2D"	"3/2"	"4d2.(3P).5p"	"x 4D*"	"5/2"		"T4373"	"L7610"	
"500.58310"	"500.58313"	"0.00006"	"1"	"8.6e+05"	B	"16158.865"	"36135.567"	"4d2.(1D).5s"	"b 2D"	"5/2"	"4d2.(3P).5p"	"z 4S*"	"3/2"		"T9421"	"L7610"	
"500.83589"	"500.83602"	"0.00006"	"100"	""		"18512.402"	"38479.017"	"4d2.(1G).5s"	"a 2G"	"7/2"	"4d2.(1G).5p"	"y 2G*"	"7/2"		""	"L7610,L3475"	
"507.1600"	"507.16021"	"0.00004"	"75"	"1.3e+07"	D+	"19147.983"	"38865.618"	"4d.5s.(3D).5p"	"z 4P*"	"5/2"	"4d.5s.(3D).5d"	"f 4D"	"7/2"		"T4373"	"L7610,L3475"	
"507.36083"	""	""	"75"	""		""	""	""	""	""	""	""	""		""	"L7610,L3475"	
"508.96193"	"508.96203"	"0.00006"	"30"	""		"19027.593"	"38675.424"	"4d.5s.(3D).5p"	"z 4P*"	"3/2"	"4d.5s.(3D).5d"	"f 4D"	"5/2"		""	"L7610,L3475"	
"513.66300"	"513.66300"	"0.00011"	"180"	""		"18499.315"	"37967.332"	"4d2.(1G).5s"	"a 2G"	"9/2"	"4d2.(1G).5p"	"z 2H*"	"11/2"		""	"L7610,L3475"	
"520.64598"	"520.64574"	"0.00004"	"2"	"8.e+05"	D+	"14948.994"	"34155.912"	"4d.5s.(3D).5p"	"z 4F*"	"3/2"	"5p2.(3P).5s"	"e 4P"	"3/2"		"T4373"	"L7610"	
"522.99847"	"522.99849"	"0.00006"	"8"	"4.2e+06"	B+	"18499.315"	"37619.829"	"4d2.(1G).5s"	"a 2G"	"9/2"	"4d2.(1D).5p"	"w 2F*"	"7/2"		"T9421"	"L7610"	
"523.35668"	"523.35670"	"0.00006"	"2"	"1.30e+06"	B+	"18512.402"	"37619.829"	"4d2.(1G).5s"	"a 2G"	"7/2"	"4d2.(1D).5p"	"w 2F*"	"7/2"		"T9421"	"L7610"	
"524.22589"	"524.22589"	"0.00011"	"181"	""		"18512.402"	"37588.148"	"4d2.(1G).5s"	"a 2G"	"7/2"	"4d2.(1G).5p"	"z 2H*"	"9/2"		""	"L7610,L3475"	
"525.9938"	"525.99344"	"0.00004"	"1"	"2.8e+05"	D+	"15245.803"	"34257.447"	"4d.5s.(3D).5p"	"z 4F*"	"5/2"	"5s2.(2D).5d"	"e 2D"	"5/2"		"T4373"	"L7610"	
""	"527.32826"	"0.00011"	""	"1.1e+06"	D+	"18512.402"	"37475.922"	"4d2.(1G).5s"	"a 2G"	"7/2"	"4d2.(3P).5p"	"y 4P*"	"5/2"		"T4373"	""	
"538.21255"	"538.21255"	"0.00004"	"75"	"3.20e+07"	B+	"15326.741"	"33906.761"	"4d2.(3F).5s"	"a 2F"	"5/2"	"4d2.(3F).5p"	"x 2D*"	"3/2"		"T4373"	"L7610,L3475"	
"538.2740"	"538.27409"	"0.00004"	"2"	"9.7e+05"	C	"15328.865"	"33906.761"	"4d2.(3P).5s"	"a 4P"	"3/2"	"4d2.(3F).5p"	"x 2D*"	"3/2"		"T4373"	"L7610"	
"538.98860"	"538.98857"	"0.00006"	"5"	"1.12e+06"	C+	"15476.533"	"34029.802"	"4d2.(3P).5s"	"a 4P"	"5/2"	"4d2.(3F).5p"	"x 2F*"	"7/2"		"T4373"	"L7610"	
"539.23118"	"539.23108"	"0.00004"	"11"	"2.9e+06"	C+	"15712.522"	"34257.447"	"4d.5s.(3D).5p"	"z 4F*"	"7/2"	"5s2.(2D).5d"	"e 2D"	"5/2"		"T4373"	"L7610"	
"540.33788"	"540.33784"	"0.00004"	"2"	"6.e+05"	D	"15245.803"	"33752.743"	"4d.5s.(3D).5p"	"z 4F*"	"5/2"	"4d.5s.(3D).6s"	"e 4D"	"7/2"		"T4373"	"L7610"	
"541.85389"	"541.85397"	"0.00004"	"24"	""		"16066.064"	"34521.221"	"4d.5s.(3D).5p"	"z 2D*"	"5/2"	"5p2.(3P).5s"	"e 4P"	"5/2"		""	"L7610,L3475"	
"542.58697"	"542.58688"	"0.00004"	"90"	"3.49e+07"	B+	"15476.533"	"33906.761"	"4d2.(3P).5s"	"a 4P"	"5/2"	"4d2.(3F).5p"	"x 2D*"	"3/2"		"T4373"	"L7610,L3475"	
"543.97372"	"543.97357"	"0.00004"	"190"	""		"15864.481"	"34247.727"	"4d2.(3F).5s"	"a 2F"	"7/2"	"4d2.(3F).5p"	"x 2D*"	"5/2"		""	"L7610,L3475"	
"546.77607"	"546.77624"	"0.00004"	"190"	"1.05e+07"	C	"14948.994"	"33238.011"	"4d.5s.(3D).5p"	"z 4F*"	"3/2"	"4d.5s.(3D).6s"	"e 4D"	"3/2"		"T4373"	"L7610,L3475"	
"546.7986"	"546.7983"	"0.0004"	"710"	"6.4e+07"	B+	"11532.096"	"29820.374"	"4d2.(3F).5s"	"a 4F"	"9/2"	"4d2.(3F).5p"	"z 4G*"	"11/2"		"T4373"	"L7610,L3475"	
"546.9990"	"546.99894"	"0.00004"	"100"	"3.78e+07"	B+	"15326.741"	"33608.312"	"4d2.(3F).5s"	"a 2F"	"5/2"	"4d2.(3F).5p"	"x 2F*"	"5/2"		"T4373"	"L7610,L3475"	
"547.0624"	"547.06250"	"0.00004"	"1"	"3.6e+05"	D+	"15328.865"	"33608.312"	"4d2.(3P).5s"	"a 4P"	"3/2"	"4d2.(3F).5p"	"x 2F*"	"5/2"		"T4373"	"L7610"	
"549.4674"	"549.46752"	"0.00007"	"60"	"3.6e+07"	C	"14948.994"	"33148.432"	"4d.5s.(3D).5p"	"z 4F*"	"3/2"	"4d.5s.(3D).6s"	"e 4D"	"1/2"		"T4373"	"L7610,L3475"	
"549.7107"	"549.71082"	"0.00004"	"35"	"1.37e+07"	C+	"16066.064"	"34257.447"	"4d.5s.(3D).5p"	"z 2D*"	"5/2"	"5s2.(2D).5d"	"e 2D"	"5/2"		"T4373"	"L7610,L3475"	
"550.49928"	"550.49949"	"0.00007"	"300"	"6.39e+07"	A	"15864.481"	"34029.802"	"4d2.(3F).5s"	"a 2F"	"7/2"	"4d2.(3F).5p"	"x 2F*"	"7/2"		"T4373"	"L7610,L3475"	
"551.51792"	"551.51786"	"0.00004"	"60"	"2.38e+07"	B+	"15476.533"	"33608.312"	"4d2.(3P).5s"	"a 4P"	"5/2"	"4d2.(3F).5p"	"x 2F*"	"5/2"		"T4373"	"L7610,L3475"	
"552.14136"	"552.14121"	"0.00004"	"3"	"1.17e+06"	C	"16146.138"	"34257.447"	"4d.5s.(3D).5p"	"z 2D*"	"3/2"	"5s2.(2D).5d"	"e 2D"	"5/2"		"T4373"	"L7610"	
"552.32284"	"552.32290"	"0.00004"	"120"	"1.61e+07"	B+	"15326.741"	"33432.092"	"4d2.(3F).5s"	"a 2F"	"5/2"	"4d2.(3F).5p"	"z 2G*"	"7/2"		"T9421"	"L7610,L3475"	
""	"552.79624"	"0.00004"	""	"4.0e+05"	D+	"16066.064"	"34155.912"	"4d.5s.(3D).5p"	"z 2D*"	"5/2"	"5p2.(3P).5s"	"e 4P"	"3/2"		"T4373"	""	
"552.8338"	""	""	"24"	""		""	""	""	""	""	""	""	""		""	"L7593,L3475"	
"552.9096"	"552.90826"	"0.00013"	"740"	"5.4e+07"	B+	"11277.928"	"29364.111"	"4d2.(3F).5s"	"a 4F"	"7/2"	"4d2.(3F).5p"	"z 4G*"	"9/2"		"T4373"	"L7610,L3475"	
""	"553.41029"	"0.00013"	""	"1.4e+06"	C	"19406.146"	"37475.922"	"4d2.(3P).5s"	"a 2P"	"3/2"	"4d2.(3P).5p"	"y 4P*"	"5/2"		"T4373"	""	
"554.31681"	"554.31693"	"0.00004"	"35"	"5.2e+06"	C	"15712.522"	"33752.743"	"4d.5s.(3D).5p"	"z 4F*"	"7/2"	"4d.5s.(3D).6s"	"e 4D"	"7/2"		"T4373"	"L7610,L3475"	
"554.60440"	"554.60450"	"0.00004"	"120"	"1.29e+07"	B+	"15326.741"	"33357.608"	"4d2.(3F).5s"	"a 2F"	"5/2"	"4d2.(3F).5p"	"y 4D*"	"5/2"		"T4373"	"L7610,L3475"	
"555.25393"	"555.25405"	"0.00004"	"11"	"6.9e+06"	D+	"16146.138"	"34155.912"	"4d.5s.(3D).5p"	"z 2D*"	"3/2"	"5p2.(3P).5s"	"e 4P"	"3/2"		"T4373"	"L7610"	
"555.79600"	"555.79615"	"0.00004"	"75"	"2.2e+07"	C	"15245.803"	"33238.011"	"4d.5s.(3D).5p"	"z 4F*"	"5/2"	"4d.5s.(3D).6s"	"e 4D"	"3/2"		"T4373"	"L7610,L3475"	
"556.93044"	"556.93059"	"0.00004"	"60"	"1.38e+07"	B+	"15476.533"	"33432.092"	"4d2.(3P).5s"	"a 4P"	"5/2"	"4d2.(3F).5p"	"z 2G*"	"7/2"		"T9421"	"L7610,L3475"	
"557.45801"	"557.45844"	"0.00004"	"4"	"1.63e+06"	B+	"15326.741"	"33265.298"	"4d2.(3F).5s"	"a 2F"	"5/2"	"4d2.(3F).5p"	"y 4D*"	"3/2"		"T9421"	"L7610"	
"557.89643"	"557.89640"	"0.00007"	"180"	"3.2e+07"	B	"15864.481"	"33788.956"	"4d2.(3F).5s"	"a 2F"	"7/2"	"4d2.(3F).5p"	"z 2G*"	"9/2"		"T4373"	"L7610,L3475"	
"558.26264"	"558.26263"	"0.00004"	"24"	"1.11e+07"	B+	"15994.045"	"33906.761"	"4d2.(1D).5s"	"b 2D"	"3/2"	"4d2.(3F).5p"	"x 2D*"	"3/2"		"T4373"	"L7610,L3475"	
"558.3424"	"558.34193"	"0.00007"	"620"	""		"11078.614"	"28988.786"	"4d2.(3F).5s"	"a 4F"	"5/2"	"4d2.(3F).5p"	"z 4G*"	"7/2"		""	"L7610,L3475"	
"559.25042"	"559.25049"	"0.00004"	"21"	"4.9e+06"	B+	"15476.533"	"33357.608"	"4d2.(3P).5s"	"a 4P"	"5/2"	"4d2.(3F).5p"	"y 4D*"	"5/2"		"T4373"	"L7610,L3475"	
"559.56772"	"559.56775"	"0.00007"	"21"	"5.0e+06"	B+	"16158.865"	"34029.802"	"4d2.(1D).5s"	"b 2D"	"5/2"	"4d2.(3F).5p"	"x 2F*"	"7/2"		"T4373"	"L7610,L3475"	
"560.78910"	"560.78912"	"0.00014"	"120"	"5.8e+06"	B+	"11532.096"	"29364.111"	"4d2.(3F).5s"	"a 4F"	"9/2"	"4d2.(3F).5p"	"z 4G*"	"9/2"		"T4373"	"L7610,L3475"	
"562.1522"	"562.15257"	"0.00004"	"4"	"1.96e+06"	B	"15476.533"	"33265.298"	"4d2.(3P).5s"	"a 4P"	"5/2"	"4d2.(3F).5p"	"y 4D*"	"3/2"		"T9421"	"L7610"	
"562.54507"	"562.54508"	"0.00004"	"15"	""		"16066.064"	"33842.417"	"4d.5s.(3D).5p"	"z 2D*"	"5/2"	"4d3"	"2P"	"3/2"		""	"L7610,L3475"	
"563.1701"	"563.16929"	"0.00007"	"560"	"4.5e+07"	B+	"10937.390"	"28694.040"	"4d2.(3F).5s"	"a 4F"	"3/2"	"4d2.(3F).5p"	"z 4G*"	"5/2"		"T9421"	"L7610,L3475"	
"563.38143"	"563.38142"	"0.00007"	"24"	""		"15864.481"	"33614.445"	"4d2.(3F).5s"	"a 2F"	"7/2"	"4d2.(3F).5p"	"y 4D*"	"7/2"		""	"L7610,L3475"	
"563.44702"	"563.44707"	"0.00004"	"21"	"7.4e+06"	B+	"16158.865"	"33906.761"	"4d2.(1D).5s"	"b 2D"	"5/2"	"4d2.(3F).5p"	"x 2D*"	"3/2"		"T4373"	"L7610,L3475"	
"563.57619"	"563.57615"	"0.00004"	"1"	"2.2e+05"	D	"15864.481"	"33608.312"	"4d2.(3F).5s"	"a 2F"	"7/2"	"4d2.(3F).5p"	"x 2F*"	"5/2"		"T4373"	"L7610"	
"564.33394"	"564.33393"	"0.00005"	"3"	"1.8e+06"	D+	"16435.907"	"34155.912"	"4d.5s.(3D).5p"	"z 4D*"	"1/2"	"5p2.(3P).5s"	"e 4P"	"3/2"		"T4373"	"L7610"	
"564.62538"	"564.62538"	"0.00007"	"120"	""		"11277.928"	"28988.786"	"4d2.(3F).5s"	"a 4F"	"7/2"	"4d2.(3F).5p"	"z 4G*"	"7/2"		""	"L7610,L3475"	
"565.00223"	"565.00227"	"0.00005"	"120"	""		"15712.522"	"33411.566"	"4d.5s.(3D).5p"	"z 4F*"	"7/2"	"4d.5s.(3D).6s"	"e 4D"	"5/2"		""	"L7610,L3475"	
"567.68421"	"567.68426"	"0.00007"	"90"	"8.5e+06"	B+	"11078.614"	"28694.040"	"4d2.(3F).5s"	"a 4F"	"5/2"	"4d2.(3F).5p"	"z 4G*"	"5/2"		"T9421"	"L7610,L3475"	
"567.72157"	"567.72161"	"0.00005"	"17"	"4.2e+06"	B+	"15994.045"	"33608.312"	"4d2.(1D).5s"	"b 2D"	"3/2"	"4d2.(3F).5p"	"x 2F*"	"5/2"		"T4373"	"L7610"	
"569.52131"	"569.52123"	"0.00005"	"18"	"1.1e+07"	D+	"16597.304"	"34155.912"	"4d.5s.(3D).5p"	"z 4D*"	"3/2"	"5p2.(3P).5s"	"e 4P"	"3/2"		"T4373"	"L7610,L3475"	
"570.8296"	"570.82966"	"0.00007"	"160"	"3.0e+07"	C	"16234.382"	"33752.743"	"4d.5s.(3D).5p"	"z 4F*"	"9/2"	"4d.5s.(3D).6s"	"e 4D"	"7/2"		"T4373"	"L7610,L3475"	
"571.6529"	"571.65308"	"0.00005"	"7"	"2.04e+06"	B+	"15864.481"	"33357.608"	"4d2.(3F).5s"	"a 2F"	"7/2"	"4d2.(3F).5p"	"y 4D*"	"5/2"		"T4373"	"L7610"	
"572.22017"	"572.22036"	"0.00007"	"24"	""		"16435.907"	"33911.692"	"4d.5s.(3D).5p"	"z 4D*"	"1/2"	"5p2.(3P).5s"	"e 4P"	"1/2"		""	"L7610,L3475"	
"573.08425"	"573.08406"	"0.00005"	"1"	"2.3e+05"	D	"16158.865"	"33608.312"	"4d2.(1D).5s"	"b 2D"	"5/2"	"4d2.(3F).5p"	"x 2F*"	"5/2"		"T4373"	"L7610"	
"573.36797"	"573.36800"	"0.00005"	"21"	"7.6e+06"	C+	"16816.641"	"34257.447"	"4d.5s.(3D).5p"	"z 4D*"	"5/2"	"5s2.(2D).5d"	"e 2D"	"5/2"		"T4373"	"L7610,L3475"	
"574.18097"	"574.18097"	"0.00007"	"12"	"3.6e+05"	B+	"11277.928"	"28694.040"	"4d2.(3F).5s"	"a 4F"	"7/2"	"4d2.(3F).5p"	"z 4G*"	"5/2"		"T9421"	"L7610"	
"574.54540"	"574.54540"	"0.00005"	"90"	""		"17116.156"	"34521.221"	"4d.5s.(3D).5p"	"z 4D*"	"7/2"	"5p2.(3P).5s"	"e 4P"	"5/2"		""	"L7610,L3475"	
"575.91856"	"575.91866"	"0.00005"	"2"	"7.7e+05"	B	"15994.045"	"33357.608"	"4d2.(1D).5s"	"b 2D"	"3/2"	"4d2.(3F).5p"	"y 4D*"	"5/2"		"T4373"	"L7610"	
"576.72546"	"576.72552"	"0.00005"	"75"	"3.7e+07"	D+	"16816.641"	"34155.912"	"4d.5s.(3D).5p"	"z 4D*"	"5/2"	"5p2.(3P).5s"	"e 4P"	"3/2"		"T4373"	"L7610,L3475"	
"577.55436"	"577.55434"	"0.00007"	"35"	""		"16597.304"	"33911.692"	"4d.5s.(3D).5p"	"z 4D*"	"3/2"	"5p2.(3P).5s"	"e 4P"	"1/2"		""	"L7610,L3475"	
"578.93069"	"578.93062"	"0.00005"	"15"	"1.56e+06"	B+	"16158.865"	"33432.092"	"4d2.(1D).5s"	"b 2D"	"5/2"	"4d2.(3F).5p"	"z 2G*"	"7/2"		"T9421"	"L7610"	
"578.9966"	"578.99679"	"0.00005"	"1"	"6.3e+05"	C+	"15994.045"	"33265.298"	"4d2.(1D).5s"	"b 2D"	"3/2"	"4d2.(3F).5p"	"y 4D*"	"3/2"		"T9421"	"L7610"	
"582.34523"	"582.34515"	"0.00005"	"30"	"6.5e+06"	C	"16066.064"	"33238.011"	"4d.5s.(3D).5p"	"z 2D*"	"5/2"	"4d.5s.(3D).6s"	"e 4D"	"3/2"		"T4373"	"L7610,L3475"	
"583.38666"	"583.38663"	"0.00005"	"21"	"4.2e+06"	C+	"17116.156"	"34257.447"	"4d.5s.(3D).5p"	"z 4D*"	"7/2"	"5s2.(2D).5d"	"e 2D"	"5/2"		"T4373"	"L7610,L3475"	
"584.57506"	"584.57541"	"0.00005"	"1"	"4.7e+05"	C+	"16158.865"	"33265.298"	"4d2.(1D).5s"	"b 2D"	"5/2"	"4d2.(3F).5p"	"y 4D*"	"3/2"		"T9421"	"L7610"	
"587.34478"	"587.34474"	"0.00005"	"15"	""		"16816.641"	"33842.417"	"4d.5s.(3D).5p"	"z 4D*"	"5/2"	"4d3"	"2P"	"3/2"		""	"L7610,L3475"	
"588.1559"	"588.15593"	"0.00008"	"24"	"8.5e+06"	C	"16146.138"	"33148.432"	"4d.5s.(3D).5p"	"z 2D*"	"3/2"	"4d.5s.(3D).6s"	"e 4D"	"1/2"		"T4373"	"L7610,L3475"	
"590.45475"	"590.45464"	"0.00005"	"35"	"4.1e+06"	C	"16816.641"	"33752.743"	"4d.5s.(3D).5p"	"z 4D*"	"5/2"	"4d.5s.(3D).6s"	"e 4D"	"7/2"		"T4373"	"L7610,L3475"	
"594.73335"	"594.73321"	"0.00005"	"45"	""		"16597.304"	"33411.566"	"4d.5s.(3D).5p"	"z 4D*"	"3/2"	"4d.5s.(3D).6s"	"e 4D"	"5/2"		""	"L7610,L3475"	
"595.16358"	"595.16356"	"0.00005"	"24"	"5.7e+06"	C	"16435.907"	"33238.011"	"4d.5s.(3D).5p"	"z 4D*"	"1/2"	"4d.5s.(3D).6s"	"e 4D"	"3/2"		"T4373"	"L7610,L3475"	
"598.3538"	"598.35363"	"0.00008"	"50"	"1.4e+07"	D+	"16435.907"	"33148.432"	"4d.5s.(3D).5p"	"z 4D*"	"1/2"	"4d.5s.(3D).6s"	"e 4D"	"1/2"		"T4373"	"L7610,L3475"	
"601.08477"	"601.08483"	"0.00005"	"120"	"1.9e+07"	C	"17116.156"	"33752.743"	"4d.5s.(3D).5p"	"z 4D*"	"7/2"	"4d.5s.(3D).6s"	"e 4D"	"7/2"		"T4373"	"L7610,L3475"	
"602.5076"	"602.50749"	"0.00004"	"120"	""		"0.000"	"16597.304"	"4d.5s2"	"a 2D"	"3/2"	"4d.5s.(3D).5p"	"z 4D*"	"3/2"		""	"L7610,L3475"	
"608.96198"	"608.96259"	"0.00005"	"50"	"1.09e+07"	C	"16816.641"	"33238.011"	"4d.5s.(3D).5p"	"z 4D*"	"5/2"	"4d.5s.(3D).6s"	"e 4D"	"3/2"		"T4373"	"L7610,L3475"	
"613.6698"	"613.66974"	"0.00005"	"120"	""		"17116.156"	"33411.566"	"4d.5s.(3D).5p"	"z 4D*"	"7/2"	"4d.5s.(3D).6s"	"e 4D"	"5/2"		""	"L7610,L3475"	
"614.01341"	"614.01338"	"0.00005"	"150"	""		"530.351"	"16816.641"	"4d.5s2"	"a 2D"	"5/2"	"4d.5s.(3D).5p"	"z 4D*"	"5/2"		""	"L7610,L3475"	
"619.3433"	"619.34315"	"0.00004"	"1200"	"4.6e+06"	C+	"0.000"	"16146.138"	"4d.5s2"	"a 2D"	"3/2"	"4d.5s.(3D).5p"	"z 2D*"	"3/2"		"T4373"	"L7610,L3475"	
"622.4299"	"622.42999"	"0.00004"	"300"	"5.8e+05"	C+	"0.000"	"16066.064"	"4d.5s2"	"a 2D"	"3/2"	"4d.5s.(3D).5p"	"z 2D*"	"5/2"		"T4373"	"L7610,L3475"	
"625.278"	""	""	"45"	""		""	""	""	""	""	""	""	""		""	"L7593,L3475"	
"640.3777"	"640.37759"	"0.00006"	"75"	"2.7e+05"	C+	"530.351"	"16146.138"	"4d.5s2"	"a 2D"	"5/2"	"4d.5s.(3D).5p"	"z 2D*"	"3/2"		"T4373"	"L7610,L3475"	
"643.6801"	"643.67821"	"0.00006"	"1000"	"4.1e+06"	C+	"530.351"	"16066.064"	"4d.5s2"	"a 2D"	"5/2"	"4d.5s.(3D).5p"	"z 2D*"	"5/2"		"T4373"	"L7610,L3475"	
"643.89488"	"643.89481"	"0.00009"	"24"	"4.9e+06"	C+	"18499.315"	"34029.802"	"4d2.(1G).5s"	"a 2G"	"9/2"	"4d2.(3F).5p"	"x 2F*"	"7/2"		"T4373"	"L7610,L3475"	
""	"644.56264"	"0.00021"	""	"3.2e+06"	D	"15994.045"	"31508.441"	"4d2.(1D).5s"	"b 2D"	"3/2"	"4d2.(3F).5p"	"y 4F*"	"3/2"		"T4373"	""	
"654.0374"	"654.03759"	"0.00010"	"90"	"1.49e+07"	B	"18499.315"	"33788.956"	"4d2.(1G).5s"	"a 2G"	"9/2"	"4d2.(3F).5p"	"z 2G*"	"9/2"		"T4373"	"L7610,L3475"	
"655.91800"	"655.91822"	"0.00004"	"70"	""		"0.000"	"15245.803"	"4d.5s2"	"a 2D"	"3/2"	"4d.5s.(3D).5p"	"z 4F*"	"5/2"		""	"L7610,L3475"	
"657.8679"	"657.86790"	"0.00010"	"35"	""		"19237.608"	"34438.228"	"4d2.(3P).5s"	"a 2P"	"1/2"	"4d2.(3P).5p"	"z 2S*"	"1/2"		""	"L7610,L3475"	
"658.66744"	"658.66733"	"0.00006"	"23"	""		"530.351"	"15712.522"	"4d.5s2"	"a 2D"	"5/2"	"4d.5s.(3D).5p"	"z 4F*"	"7/2"		""	"L7610,L3475"	
"662.43099"	"662.43108"	"0.00006"	"14"	"4.5e+05"	D+	"18512.402"	"33608.312"	"4d2.(1G).5s"	"a 2G"	"7/2"	"4d2.(3F).5p"	"x 2F*"	"5/2"		"T4373"	"L7610,L3475"	
"663.8332"	"663.83316"	"0.00016"	"19h"	""		"24899.632"	"39963.658"	"4d.5s.(1D).5p"	"y 2F*"	"7/2"	"4d.5s.(3D).5d"	"2F"	"7/2"		""	"L7610,L3475"	
"665.2437"	"665.24384"	"0.00010"	"40"	""		"19406.146"	"34438.228"	"4d2.(3P).5s"	"a 2P"	"3/2"	"4d2.(3P).5p"	"z 2S*"	"1/2"		""	"L7610,L3475"	
"666.6260"	"666.62627"	"0.00016"	"21"	""		"24899.632"	"39900.541"	"4d.5s.(1D).5p"	"y 2F*"	"7/2"	"4d.5s.(3D).5d"	"e 4F"	"9/2"		""	"L7610,L3475"	
"668.9416"	"668.94133"	"0.00004"	"150"	""		"0.000"	"14948.994"	"4d.5s2"	"a 2D"	"3/2"	"4d.5s.(3D).5p"	"z 4F*"	"3/2"		""	"L7610,L3475"	
"669.36781"	"669.36792"	"0.00014"	"14h"	""		"24746.573"	"39686.040"	"4d.5s.(1D).5p"	"y 2D*"	"5/2"	""	"1.3"	"3/2"		""	"L7610,L3475"	
"669.66787"	"669.66781"	"0.00006"	"7"	""		"18499.315"	"33432.092"	"4d2.(1G).5s"	"a 2G"	"9/2"	"4d2.(3F).5p"	"z 2G*"	"7/2"		""	"L7610,L3475"	
"670.11371"	"670.11373"	"0.00010"	"10h"	""		"24518.751"	"39441.591"	"4d.5s.(1D).5p"	"y 2F*"	"5/2"	"4d.5s.(3D).5d"	"2F"	"5/2"		""	"L7610,L3475"	
"670.2552"	"670.25521"	"0.00006"	"70"	"1.10e+07"	B+	"18512.402"	"33432.092"	"4d2.(1G).5s"	"a 2G"	"7/2"	"4d2.(3F).5p"	"z 2G*"	"7/2"		"T9421"	"L7610,L3475"	
"671.49985"	"671.50003"	"0.00010"	"35"	""		"21528.579"	"36420.611"	"4d.5s.(3D).5p"	"z 2F*"	"5/2"	"4d.5s.(3D).6s"	"f 2D"	"3/2"		""	"L7610,L3475"	
"673.78263"	"673.78267"	"0.00006"	"40"	""		"19406.146"	"34247.727"	"4d2.(3P).5s"	"a 2P"	"3/2"	"4d2.(3F).5p"	"x 2D*"	"5/2"		""	"L7610,L3475"	
"679.5579"	"679.55779"	"0.00007"	"190"	""		"530.351"	"15245.803"	"4d.5s2"	"a 2D"	"5/2"	"4d.5s.(3D).5p"	"z 4F*"	"5/2"		""	"L7610,L3475"	
"680.50276"	"680.50274"	"0.00010"	"12h"	""		"24746.573"	"39441.591"	"4d.5s.(1D).5p"	"y 2D*"	"5/2"	"4d.5s.(3D).5d"	"2F"	"5/2"		""	"L7610,L3475"	
"681.70264"	"681.70262"	"0.00007"	"21"	"7.1e+06"	C	"19237.608"	"33906.761"	"4d2.(3P).5s"	"a 2P"	"1/2"	"4d2.(3F).5p"	"x 2D*"	"3/2"		"T4373"	"L7610,L3475"	
"684.70838"	"684.70827"	"0.00007"	"45"	"7.5e+06"	C	"19147.983"	"33752.743"	"4d.5s.(3D).5p"	"z 4P*"	"5/2"	"4d.5s.(3D).6s"	"e 4D"	"7/2"		"T4373"	"L7610,L3475"	
"688.90763"	"688.90768"	"0.00007"	"29"	""		"21915.432"	"36431.165"	"4d.5s.(3D).5p"	"z 2F*"	"7/2"	"4d.5s.(3D).6s"	"f 2D"	"5/2"		""	"L7610,L3475"	
"691.0182"	"691.01858"	"0.00011"	"9"	""		"14948.994"	"29420.385"	"4d.5s.(3D).5p"	"z 4F*"	"3/2"	"4d3"	"b 4F"	"5/2"		""	"L7610,L3475"	
"693.54661"	"693.54654"	"0.00007"	"14"	""		"530.351"	"14948.994"	"4d.5s2"	"a 2D"	"5/2"	"4d.5s.(3D).5p"	"z 4F*"	"3/2"		""	"L7610,L3475"	
"695.2181"	"695.21821"	"0.00007"	"24h"	""		"19027.593"	"33411.566"	"4d.5s.(3D).5p"	"z 4P*"	"3/2"	"4d.5s.(3D).6s"	"e 4D"	"5/2"		""	"L7610,L3475"	
"695.9950"	"695.99482"	"0.00007"	"10"	""		"15245.803"	"29613.726"	"4d.5s.(3D).5p"	"z 4F*"	"5/2"	"4d3"	"b 4F"	"7/2"		""	"L7610,L3475"	
"698.17841"	"698.17849"	"0.00011"	"24"	""		"14948.994"	"29271.979"	"4d.5s.(3D).5p"	"z 4F*"	"3/2"	"4d3"	"b 4F"	"3/2"		""	"L7610,L3475"	
"701.08616"	"701.08612"	"0.00007"	"13h"	""		"19147.983"	"33411.566"	"4d.5s.(3D).5p"	"z 4P*"	"5/2"	"4d.5s.(3D).6s"	"e 4D"	"5/2"		""	"L7610,L3475"	
"701.1816"	"701.18139"	"0.00007"	"10"	"4.4e+06"	C	"18976.366"	"33238.011"	"4d.5s.(3D).5p"	"z 4P*"	"1/2"	"4d.5s.(3D).6s"	"e 4D"	"3/2"		"T4373"	"L7610,L3475"	
"703.7090"	"703.70907"	"0.00007"	"19h"	"6.3e+06"	D+	"19027.593"	"33238.011"	"4d.5s.(3D).5p"	"z 4P*"	"3/2"	"4d.5s.(3D).6s"	"e 4D"	"3/2"		"T4373"	"L7610,L3475"	
"705.4880"	"705.48818"	"0.00011"	"29"	""		"15245.803"	"29420.385"	"4d.5s.(3D).5p"	"z 4F*"	"5/2"	"4d3"	"b 4F"	"5/2"		""	"L7610,L3475"	
"705.6134"	"705.61342"	"0.00011"	"13h"	"8.e+06"	D	"18976.366"	"33148.432"	"4d.5s.(3D).5p"	"z 4P*"	"1/2"	"4d.5s.(3D).6s"	"e 4D"	"1/2"		"T4373"	"L7610,L3475"	
"707.7083"	"707.70817"	"0.00011"	"9"	""		"15712.522"	"29842.640"	"4d.5s.(3D).5p"	"z 4F*"	"7/2"	"4d3"	"b 4F"	"9/2"		""	"L7610,L3475"	
"712.9935"	"712.99331"	"0.00018"	"11"	""		"24131.250"	"38156.627"	"4d.5s.(1D).5p"	"y 2D*"	"3/2"	"4d3"	"2F"	"5/2"		""	"L7610,L3475"	
"719.36225"	"719.36215"	"0.00007"	"35"	""		"15712.522"	"29613.726"	"4d.5s.(3D).5p"	"z 4F*"	"7/2"	"4d3"	"b 4F"	"7/2"		""	"L7610,L3475"	
"719.7857"	"719.78591"	"0.00012"	"10h"	""		"24518.751"	"38411.771"	"4d.5s.(1D).5p"	"y 2F*"	"5/2"	"4d3"	"2F"	"7/2"		""	"L7610,L3475"	
"729.5082"	"729.50831"	"0.00012"	"9h"	""		"15712.522"	"29420.385"	"4d.5s.(3D).5p"	"z 4F*"	"7/2"	"4d3"	"b 4F"	"5/2"		""	"L7610,L3475"	
"733.2519"	"733.25201"	"0.00017"	"9h"	""		"24518.751"	"38156.627"	"4d.5s.(1D).5p"	"y 2F*"	"5/2"	"4d3"	"2F"	"5/2"		""	"L7610,L3475"	
"734.8481"	"734.84791"	"0.00015"	"50"	""		"16234.382"	"29842.640"	"4d.5s.(3D).5p"	"z 4F*"	"9/2"	"4d3"	"b 4F"	"9/2"		""	"L7610,L3475"	
"740.0750"	"740.07528"	"0.00015"	"11h"	""		"24899.632"	"38411.771"	"4d.5s.(1D).5p"	"y 2F*"	"7/2"	"4d3"	"2F"	"7/2"		""	"L7610,L3475"	
"749.6912"	"749.69173"	"0.00018"	"17"	""		"19027.593"	"32366.409"	"4d.5s.(3D).5p"	"z 4P*"	"3/2"	"4d3"	"b 4P"	"5/2"		""	"L7610,L3475"	
"753.8714"	"753.8724"	"0.0004"	"7h"	""		"28988.786"	"42253.630"	"4d2.(3F).5p"	"z 4G*"	"7/2"	"4d2.(3F).6s"	"4F"	"5/2"		""	"L7610,L3475"	
"756.51972"	"756.51972"	"0.00018"	"35"	""		"19147.983"	"32366.409"	"4d.5s.(3D).5p"	"z 4P*"	"5/2"	"4d3"	"b 4P"	"5/2"		""	"L7610,L3475"	
"761.9705"	"761.9708"	"0.0005"	"8h"	""		"29364.111"	"42487.974"	"4d2.(3F).5p"	"z 4G*"	"9/2"	"4d2.(3F).6s"	"4F"	"7/2"		""	"L7610,L3475"	
"762.5059"	"762.50605"	"0.00018"	"19h"	""		"18976.366"	"32091.016"	"4d.5s.(3D).5p"	"z 4P*"	"1/2"	"4d3"	"b 4P"	"3/2"		""	"L7610,L3475"	
"765.4961"	"765.49615"	"0.00019"	"7"	""		"19027.593"	"32091.016"	"4d.5s.(3D).5p"	"z 4P*"	"3/2"	"4d3"	"b 4P"	"3/2"		""	"L7610,L3475"	
"769.1588"	"769.15870"	"0.00013"	"5"	""		"18976.366"	"31977.584"	"4d.5s.(3D).5p"	"z 4P*"	"1/2"	"4d3"	"b 4P"	"1/2"		""	"L7610,L3475"	
"770.0037"	"770.0036"	"0.0009"	"8h"	""		"29820.374"	"42807.326"	"4d2.(3F).5p"	"z 4G*"	"11/2"	"4d2.(3F).6s"	"4F"	"9/2"		""	"L7610,L3475"	
"772.2013"	"772.20131"	"0.00013"	"19"	""		"19027.593"	"31977.584"	"4d.5s.(3D).5p"	"z 4P*"	"3/2"	"4d3"	"b 4P"	"1/2"		""	"L7610,L3475"	
"772.6183"	"772.61643"	"0.00019"	"19"	""		"19147.983"	"32091.016"	"4d.5s.(3D).5p"	"z 4P*"	"5/2"	"4d3"	"b 4P"	"3/2"		""	"L7610,L3475"	
"779.0545"	"779.05453"	"0.00014"	"13"	""		"16435.907"	"29271.979"	"4d.5s.(3D).5p"	"z 4D*"	"1/2"	"4d3"	"b 4F"	"3/2"		""	"L7610,L3475"	
"779.8436"	"779.84378"	"0.00014"	"13"	""		"16597.304"	"29420.385"	"4d.5s.(3D).5p"	"z 4D*"	"3/2"	"4d3"	"b 4F"	"5/2"		""	"L7610,L3475"	
"780.4634"	"780.46320"	"0.00014"	"6"	""		"15326.741"	"28139.645"	"4d2.(3F).5s"	"a 2F"	"5/2"	"4d.5s.(1D).5p"	"x 2P*"	"3/2"		""	"L7610,L3475"	
"781.4282"	"781.42796"	"0.00009"	"17"	""		"16816.641"	"29613.726"	"4d.5s.(3D).5p"	"z 4D*"	"5/2"	"4d3"	"b 4F"	"7/2"		""	"L7610,L3475"	
"785.7629"	"785.76298"	"0.00014"	"29"	""		"17116.156"	"29842.640"	"4d.5s.(3D).5p"	"z 4D*"	"7/2"	"4d3"	"b 4F"	"9/2"		""	"L7610,L3475"	
"800.1558"	"800.15555"	"0.00009"	"10h"	""		"17116.156"	"29613.726"	"4d.5s.(3D).5p"	"z 4D*"	"7/2"	"4d3"	"b 4F"	"7/2"		""	"L7610,L3475"	
"833.1860"	"833.1854"	"0.0004"	"9"	""		"32188.075"	"44190.205"	"4d2.(3F).5p"	"y 4F*"	"9/2"	"5p2.(3P).4d"	"4F"	"9/2"		""	"L7610,L3475"	
"834.6697"	"834.67020"	"0.00016"	"24"	""		"16158.865"	"28139.645"	"4d2.(1D).5s"	"b 2D"	"5/2"	"4d.5s.(1D).5p"	"x 2P*"	"3/2"		""	"L7610,L3475"	
"836.7850"	"836.78514"	"0.00016"	"8h"	""		"24480.666"	"36431.165"	"4d.5s.(3D).5p"	"y 2P*"	"3/2"	"4d.5s.(3D).6s"	"f 2D"	"5/2"		""	"L7610,L3475"	
"845.2657"	"845.26552"	"0.00023"	"17"	""		"15994.045"	"27824.647"	"4d2.(1D).5s"	"b 2D"	"3/2"	"4d.5s.(1D).5p"	"x 2P*"	"1/2"		""	"L7610,L3475"	
"853.1131"	"853.11414"	"0.00021"	"8h"	""		"24698.850"	"36420.611"	"4d.5s.(3D).5p"	"y 2P*"	"1/2"	"4d.5s.(3D).6s"	"f 2D"	"3/2"		""	"L7610,L3475"	
"880.3007"	"880.30052"	"0.00008"	"95"	""		"0.000"	"11359.757"	"4d.5s2"	"a 2D"	"3/2"	"5s2.5p"	"z 2P*"	"3/2"		""	"L7610,L3475"	
"1742.7596"	"1742.7593"	"0.0004"	""	""		"11078.614"	"16816.641"	"4d2.(3F).5s"	"a 4F"	"5/2"	"4d.5s.(3D).5p"	"z 4D*"	"5/2"		""	"L7610"	
"1790.8098"	"1790.8117"	"0.0007"	""	""		"11532.096"	"17116.156"	"4d2.(3F).5s"	"a 4F"	"9/2"	"4d.5s.(3D).5p"	"z 4D*"	"7/2"		""	"L7610"	
"1805.4739"	"1805.4736"	"0.0005"	""	""		"11277.928"	"16816.641"	"4d2.(3F).5s"	"a 4F"	"7/2"	"4d.5s.(3D).5p"	"z 4D*"	"5/2"		""	"L7610"	
