level,J,parity,energy_cm,lifetime_ns,lifetime_unc_ns,lifetime_tier,lifetime_source,g_J,hfs_A_MHz,hfs_B_MHz,hfs_source,lifetime_source_url,hfs_source_url,energy_tier,energy_source,nist_energy_cm
4f126s2 3H6,6,even,0.0,,,stable,,1.16381,,,,,,nist,,
4f126s2 3F4,4,even,5035.193,21240000000000.0,,theory,"Kozlov, Dzuba, Flambaum, ""On the prospects of building optical atomic clocks using Er I or Er III"", arXiv:1307.0577 (2013), Table I (configuration-interaction calculation). Note: printed as tau = 5.9 hours (E2 decay to the ground level); converted to seconds here (derived). No measurement located",1.147,,,,https://arxiv.org/abs/1307.0577,,nist,,
4f126s2 3H5,5,even,6958.329,,,none,,1.031,,,,,,nist,,
"4f115d6s2 (15/2,3/2)°6",6,odd,7176.503,,,none,,1.302,,,,,,nist,,
"4f115d6s2 (15/2,3/2)°7",7,odd,7696.956,178000000.0,19000000.0,exp,"Patscheider, Yang, Natale, Petter, Chomaz, Mark, Hovhannesyan, Lepers, Ferlaino, Phys. Rev. Research 3, 033256 (2021)",1.266,,,,https://arxiv.org/abs/2105.01438,,nist,,
"4f115d6s2 (15/2,3/2)°9",9,odd,8620.565,,,none,,1.15,,,,,,nist,,
"4f115d6s2 (15/2,3/2)°8",8,odd,9350.106,,,none,,1.18,,,,,,nist,,
"4f115d6s2 (15/2,5/2)°9",9,odd,10557.916,,,none,,1.178,,,,,,nist,,
4f126s2 3H4,4,even,10750.982,,,none,,0.936,,,,,,nist,,
"4f115d6s2 (15/2,5/2)°5",5,odd,11401.197,,,none,,1.205,,,,,,nist,,
"4f115d6s2 (15/2,5/2)°8",8,odd,11557.67,,,none,,1.178,,,,,,nist,,
"4f115d6s2 (15/2,5/2)°6",6,odd,11799.778,,,none,,1.19,,,,,,nist,,
"4f115d6s2 (15/2,5/2)°7",7,odd,11887.503,20000.0,4000.0,exp,"Ban, Jacka, Hanssen, Reader, McClelland, Opt. Express 13, 3185 (2005)",1.153,,,,https://tsapps.nist.gov/publication/get_pdf.cfm?pub_id=620571,,nist,,
4f126s2 3F3,3,even,12377.534,,,none,,1.065,,,,,,nist,,
4f126s2 3F2,2,even,13097.906,,,none,,0.75,,,,,,nist,,
"4f115d6s2 (13/2,3/2)°5",5,odd,15185.352,,,none,,1.16,,,,,,nist,,
"4f115d6s2 (13/2,3/2)°7",7,odd,15846.549,5600.0,1400.0,exp,"Ban, Jacka, Hanssen, Reader, McClelland, Opt. Express 13, 3185 (2005)",1.07,,,,https://tsapps.nist.gov/publication/get_pdf.cfm?pub_id=620571,,nist,,
"4f115d6s2 (13/2,3/2)°6",6,odd,16070.095,,,none,,1.2,,,,,,nist,,
"4f126s6p (6,0)°6",6,odd,16321.11,,,none,,1.22,,,,,,nist,,
"4f126s6p (6,1)°6",6,odd,17073.8,,,none,,1.07,,,,,,nist,,
"4f126s6p (6,1)°7",7,odd,17157.307,860.0,50.0,exp,"Den Hartog, Chisholm, Lawler, J. Phys. B 43, 155004 (2010), as quoted in A. Patscheider, PhD thesis 'Controlling and Understanding of Dipolar Quantum Gases of Erbium Atoms', Univ. Innsbruck (2022), Table 2.2",1.195,,,,http://www.erbium.at/FF/wp-content/uploads/2022/11/Dissertation_Alexander_Patscheider.pdf,,nist,,
"4f115d6s2 (11/2,3/2)°7",7,odd,18774.123,,,none,,0.965,,,,,,nist,,
"4f126s6p (6,2)°7",7,odd,19125.253,,,none,,1.235,,,,,,nist,,
"4f126s6p (6,2)°5",5,odd,19201.343,,,none,,1.06,,,,,,nist,,
"4f126s6p (6,2)°6",6,odd,19326.598,,,none,,1.18,,,,,,nist,,
"4f115d6s2 (11/2,5/2)°6",6,odd,21701.885,,,none,,1.055,,,,,,nist,,
4f115d2 6s °8,8,odd,21979.181,,,none,,1.295,,,,,,nist,,
4f126s6p °5,5,odd,24083.166,,,none,,1.128,,,,,,nist,,
4f115d6s2 °6,6,odd,24457.139,,,none,,1.05,,,,,,nist,,
4f126s6p °7,7,odd,24943.272,5.35,0.11,exp,"A. Frisch, PhD thesis 'Dipolar quantum gases of erbium', Univ. Innsbruck (2014), Table 2.4 and Appendix A. Note: derived (by the thesis author) from the natural linewidth 29.7(6) MHz measured by absorption imaging of cold 166,168,170Er; uncertainty derived here from the 0.6 MHz",1.16,,,,https://www.erbium.at/FF/wp-content/uploads/2015/10/thesis_albert_frisch.pdf,,nist,,
°7,7,odd,25159.143,,,none,,1.17,,,,,,nist,,
4f115d6s2 °5,5,odd,25162.553,,,none,,1.01,,,,,,nist,,
4f115d6s2 °6,6,odd,25392.779,,,none,,1.075,,,,,,nist,,
4f115d6s2 °5,5,odd,25681.933,,,none,,1.175,,,,,,nist,,
4f126s6p °6,6,odd,25880.274,,,none,,1.15,,,,,,nist,,
4f115d2 6s °5,5,odd,30380.282,,,none,,1.175,,,,,,nist,,
4f126s6p °6,6,odd,31823.748,,,none,,1.045,,,,,,nist,,
°6,6,odd,31926.003,109.0,6.0,exp,"Yu, Wang, Li, Li, Dai, Astrophys. J. Suppl. Ser. 240, 25 (2019), Table 2 (pp. 3-4), column ""This Work"" (time-resolved laser-induced fluorescence, laser-ablation plume)",1.215,,,,https://iopscience.iop.org/article/10.3847/1538-4365/aafb12/pdf,,nist,,
4f115d6s2 °3,3,odd,32695.37,111.0,2.0,exp,"Yu, Wang, Li, Li, Dai, Astrophys. J. Suppl. Ser. 240, 25 (2019), Table 2 (pp. 3-4), column ""This Work"" (time-resolved laser-induced fluorescence, laser-ablation plume)",0.955,,,,https://iopscience.iop.org/article/10.3847/1538-4365/aafb12/pdf,,nist,,
°5,5,odd,34684.329,44.6,2.1,exp,"Yu, Wang, Li, Li, Dai, Astrophys. J. Suppl. Ser. 240, 25 (2019), Table 2 (pp. 3-4), column ""This Work"" (time-resolved laser-induced fluorescence, laser-ablation plume)",1.08,,,,https://iopscience.iop.org/article/10.3847/1538-4365/aafb12/pdf,,nist,,
8,8,even,34756.58,102.0,4.0,exp,"Yu, Wang, Li, Li, Dai, Astrophys. J. Suppl. Ser. 240, 25 (2019), Table 2 (pp. 3-4), column ""This Work"" (time-resolved laser-induced fluorescence, laser-ablation plume)",1.14,,,,https://iopscience.iop.org/article/10.3847/1538-4365/aafb12/pdf,,nist,,
°4,4,odd,35783.707,153.0,4.0,exp,"Yu, Wang, Li, Li, Dai, Astrophys. J. Suppl. Ser. 240, 25 (2019), Table 2 (pp. 3-4), column ""This Work"" (time-resolved laser-induced fluorescence, laser-ablation plume)",1.12,,,,https://iopscience.iop.org/article/10.3847/1538-4365/aafb12/pdf,,nist,,
7,7,even,35833.788,22.7,0.6,exp,"Yu, Wang, Li, Li, Dai, Astrophys. J. Suppl. Ser. 240, 25 (2019), Table 2 (pp. 3-4), column ""This Work"" (time-resolved laser-induced fluorescence, laser-ablation plume)",1.05,,,,https://iopscience.iop.org/article/10.3847/1538-4365/aafb12/pdf,,nist,,
6,6,even,35918.454,75.8,5.300000000000001,exp,"Yu, Wang, Li, Li, Dai, Astrophys. J. Suppl. Ser. 240, 25 (2019), Table 2 (pp. 3-4), column ""This Work"" (time-resolved laser-induced fluorescence, laser-ablation plume)",1.095,,,,https://iopscience.iop.org/article/10.3847/1538-4365/aafb12/pdf,,nist,,
6,6,even,35963.366,59.1,3.7,exp,"Yu, Wang, Li, Li, Dai, Astrophys. J. Suppl. Ser. 240, 25 (2019), Table 2 (pp. 3-4), column ""This Work"" (time-resolved laser-induced fluorescence, laser-ablation plume)",1.085,,,,https://iopscience.iop.org/article/10.3847/1538-4365/aafb12/pdf,,nist,,
6,6,even,36026.864,70.6,3.8000000000000003,exp,"Yu, Wang, Li, Li, Dai, Astrophys. J. Suppl. Ser. 240, 25 (2019), Table 2 (pp. 3-4), column ""This Work"" (time-resolved laser-induced fluorescence, laser-ablation plume)",1.185,,,,https://iopscience.iop.org/article/10.3847/1538-4365/aafb12/pdf,,nist,,
°4,4,odd,36280.029,31.5,1.7,exp,"Yu, Wang, Li, Li, Dai, Astrophys. J. Suppl. Ser. 240, 25 (2019), Table 2 (pp. 3-4), column ""This Work"" (time-resolved laser-induced fluorescence, laser-ablation plume)",1.145,,,,https://iopscience.iop.org/article/10.3847/1538-4365/aafb12/pdf,,nist,,
7,7,even,36418.402,30.3,0.6,exp,"Yu, Wang, Li, Li, Dai, Astrophys. J. Suppl. Ser. 240, 25 (2019), Table 2 (pp. 3-4), column ""This Work"" (time-resolved laser-induced fluorescence, laser-ablation plume)",1.13,,,,https://iopscience.iop.org/article/10.3847/1538-4365/aafb12/pdf,,nist,,
4f115d6s2 °3,3,odd,36930.659,14.0,0.3,exp,"Yu, Wang, Li, Li, Dai, Astrophys. J. Suppl. Ser. 240, 25 (2019), Table 2 (pp. 3-4), column ""This Work"" (time-resolved laser-induced fluorescence, laser-ablation plume)",1.01,,,,https://iopscience.iop.org/article/10.3847/1538-4365/aafb12/pdf,,nist,,
4f126s6p °3,3,odd,37125.206,36.8,0.8,exp,"Yu, Wang, Li, Li, Dai, Astrophys. J. Suppl. Ser. 240, 25 (2019), Table 2 (pp. 3-4), column ""This Work"" (time-resolved laser-induced fluorescence, laser-ablation plume)",0.935,,,,https://iopscience.iop.org/article/10.3847/1538-4365/aafb12/pdf,,nist,,
°3,3,odd,37289.592,17.8,0.4,exp,"Yu, Wang, Li, Li, Dai, Astrophys. J. Suppl. Ser. 240, 25 (2019), Table 2 (pp. 3-4), column ""This Work"" (time-resolved laser-induced fluorescence, laser-ablation plume)",1.09,,,,https://iopscience.iop.org/article/10.3847/1538-4365/aafb12/pdf,,nist,,
7,7,even,37714.613,11.0,0.3,exp,"Yu, Wang, Li, Li, Dai, Astrophys. J. Suppl. Ser. 240, 25 (2019), Table 2 (pp. 3-4), column ""This Work"" (time-resolved laser-induced fluorescence, laser-ablation plume)",1.205,,,,https://iopscience.iop.org/article/10.3847/1538-4365/aafb12/pdf,,nist,,
7,7,even,37806.983,93.0,2.1999999999999997,exp,"Yu, Wang, Li, Li, Dai, Astrophys. J. Suppl. Ser. 240, 25 (2019), Table 2 (pp. 3-4), column ""This Work"" (time-resolved laser-induced fluorescence, laser-ablation plume)",1.09,,,,https://iopscience.iop.org/article/10.3847/1538-4365/aafb12/pdf,,nist,,
°4,4,odd,37970.621,14.2,0.9,exp,"Yu, Wang, Li, Li, Dai, Astrophys. J. Suppl. Ser. 240, 25 (2019), Table 2 (pp. 3-4), column ""This Work"" (time-resolved laser-induced fluorescence, laser-ablation plume)",1.02,,,,https://iopscience.iop.org/article/10.3847/1538-4365/aafb12/pdf,,nist,,
8,8,even,38253.685,27.9,1.7,exp,"Yu, Wang, Li, Li, Dai, Astrophys. J. Suppl. Ser. 240, 25 (2019), Table 2 (pp. 3-4), column ""This Work"" (time-resolved laser-induced fluorescence, laser-ablation plume)",1.16,,,,https://iopscience.iop.org/article/10.3847/1538-4365/aafb12/pdf,,nist,,
4f126s6d 6,6,even,38407.47,16.2,0.8,exp,"Yu, Wang, Li, Li, Dai, Astrophys. J. Suppl. Ser. 240, 25 (2019), Table 2 (pp. 3-4), column ""This Work"" (time-resolved laser-induced fluorescence, laser-ablation plume)",1.32,,,,https://iopscience.iop.org/article/10.3847/1538-4365/aafb12/pdf,,nist,,
7,7,even,38664.249,37.7,0.9,exp,"Yu, Wang, Li, Li, Dai, Astrophys. J. Suppl. Ser. 240, 25 (2019), Table 2 (pp. 3-4), column ""This Work"" (time-resolved laser-induced fluorescence, laser-ablation plume)",1.17,,,,https://iopscience.iop.org/article/10.3847/1538-4365/aafb12/pdf,,nist,,
4f126s6d 6,6,even,38667.799,22.4,1.3,exp,"Yu, Wang, Li, Li, Dai, Astrophys. J. Suppl. Ser. 240, 25 (2019), Table 2 (pp. 3-4), column ""This Work"" (time-resolved laser-induced fluorescence, laser-ablation plume)",1.15,,,,https://iopscience.iop.org/article/10.3847/1538-4365/aafb12/pdf,,nist,,
5,5,even,38703.037,21.1,1.3,exp,"Yu, Wang, Li, Li, Dai, Astrophys. J. Suppl. Ser. 240, 25 (2019), Table 2 (pp. 3-4), column ""This Work"" (time-resolved laser-induced fluorescence, laser-ablation plume)",1.11,,,,https://iopscience.iop.org/article/10.3847/1538-4365/aafb12/pdf,,nist,,
8,8,even,38734.243,20.9,1.0999999999999999,exp,"Yu, Wang, Li, Li, Dai, Astrophys. J. Suppl. Ser. 240, 25 (2019), Table 2 (pp. 3-4), column ""This Work"" (time-resolved laser-induced fluorescence, laser-ablation plume)",1.135,,,,https://iopscience.iop.org/article/10.3847/1538-4365/aafb12/pdf,,nist,,
4f126s6d 7,7,even,38751.622,19.9,0.8,exp,"Yu, Wang, Li, Li, Dai, Astrophys. J. Suppl. Ser. 240, 25 (2019), Table 2 (pp. 3-4), column ""This Work"" (time-resolved laser-induced fluorescence, laser-ablation plume)",1.18,,,,https://iopscience.iop.org/article/10.3847/1538-4365/aafb12/pdf,,nist,,
6,6,even,38786.542,50.7,3.3000000000000003,exp,"Yu, Wang, Li, Li, Dai, Astrophys. J. Suppl. Ser. 240, 25 (2019), Table 2 (pp. 3-4), column ""This Work"" (time-resolved laser-induced fluorescence, laser-ablation plume)",1.005,,,,https://iopscience.iop.org/article/10.3847/1538-4365/aafb12/pdf,,nist,,
7,7,even,38986.765,32.2,1.0,exp,"Yu, Wang, Li, Li, Dai, Astrophys. J. Suppl. Ser. 240, 25 (2019), Table 2 (pp. 3-4), column ""This Work"" (time-resolved laser-induced fluorescence, laser-ablation plume)",1.075,,,,https://iopscience.iop.org/article/10.3847/1538-4365/aafb12/pdf,,nist,,
6,6,even,39010.445,22.2,0.4,exp,"Yu, Wang, Li, Li, Dai, Astrophys. J. Suppl. Ser. 240, 25 (2019), Table 2 (pp. 3-4), column ""This Work"" (time-resolved laser-induced fluorescence, laser-ablation plume)",1.05,,,,https://iopscience.iop.org/article/10.3847/1538-4365/aafb12/pdf,,nist,,
6,6,even,39075.883,19.4,0.7,exp,"Yu, Wang, Li, Li, Dai, Astrophys. J. Suppl. Ser. 240, 25 (2019), Table 2 (pp. 3-4), column ""This Work"" (time-resolved laser-induced fluorescence, laser-ablation plume)",1.145,,,,https://iopscience.iop.org/article/10.3847/1538-4365/aafb12/pdf,,nist,,
7,7,even,39145.45,22.0,0.4,exp,"Yu, Wang, Li, Li, Dai, Astrophys. J. Suppl. Ser. 240, 25 (2019), Table 2 (pp. 3-4), column ""This Work"" (time-resolved laser-induced fluorescence, laser-ablation plume)",1.13,,,,https://iopscience.iop.org/article/10.3847/1538-4365/aafb12/pdf,,nist,,
4f126s6d 6,6,even,39193.564,23.6,1.4,exp,"Yu, Wang, Li, Li, Dai, Astrophys. J. Suppl. Ser. 240, 25 (2019), Table 2 (pp. 3-4), column ""This Work"" (time-resolved laser-induced fluorescence, laser-ablation plume)",1.115,,,,https://iopscience.iop.org/article/10.3847/1538-4365/aafb12/pdf,,nist,,
6,6,even,39350.505,8.2,0.3,exp,"Yu, Wang, Li, Li, Dai, Astrophys. J. Suppl. Ser. 240, 25 (2019), Table 2 (pp. 3-4), column ""This Work"" (time-resolved laser-induced fluorescence, laser-ablation plume)",1.155,,,,https://iopscience.iop.org/article/10.3847/1538-4365/aafb12/pdf,,nist,,
7,7,even,39359.683,4.8,0.2,exp,"Yu, Wang, Li, Li, Dai, Astrophys. J. Suppl. Ser. 240, 25 (2019), Table 2 (pp. 3-4), column ""This Work"" (time-resolved laser-induced fluorescence, laser-ablation plume)",1.175,,,,https://iopscience.iop.org/article/10.3847/1538-4365/aafb12/pdf,,nist,,
8,8,even,39525.603,18.5,0.5,exp,"Yu, Wang, Li, Li, Dai, Astrophys. J. Suppl. Ser. 240, 25 (2019), Table 2 (pp. 3-4), column ""This Work"" (time-resolved laser-induced fluorescence, laser-ablation plume)",1.11,,,,https://iopscience.iop.org/article/10.3847/1538-4365/aafb12/pdf,,nist,,
8,8,even,39843.429,17.7,0.5,exp,"Yu, Wang, Li, Li, Dai, Astrophys. J. Suppl. Ser. 240, 25 (2019), Table 2 (pp. 3-4), column ""This Work"" (time-resolved laser-induced fluorescence, laser-ablation plume)",1.18,,,,https://iopscience.iop.org/article/10.3847/1538-4365/aafb12/pdf,,nist,,
7,7,even,40159.218,20.8,1.6,exp,"Yu, Wang, Li, Li, Dai, Astrophys. J. Suppl. Ser. 240, 25 (2019), Table 2 (pp. 3-4), column ""This Work"" (time-resolved laser-induced fluorescence, laser-ablation plume)",1.185,,,,https://iopscience.iop.org/article/10.3847/1538-4365/aafb12/pdf,,nist,,
6,6,even,40333.576,29.4,2.3,exp,"Yu, Wang, Li, Li, Dai, Astrophys. J. Suppl. Ser. 240, 25 (2019), Table 2 (pp. 3-4), column ""This Work"" (time-resolved laser-induced fluorescence, laser-ablation plume)",1.02,,,,https://iopscience.iop.org/article/10.3847/1538-4365/aafb12/pdf,,nist,,
