lower,upper,wavelength_vac_nm,wavelength_air_nm,frequency_THz,wavenumber_cm,wavelength_arc_nm,wavelength_pairinteraction_nm,nist_observed_vac_nm,nist_Aki_s,nist_accuracy,A_arc_s,A_best_s,A_best_source,rme_J_best_ea0,branching_from_upper,rme_J_ea0,rme_source,upper_lifetime_ns,upper_linewidth_MHz
5S1/2,10P3/2,315.8444,315.753,949.1777,31661.16,315.8452,315.8444,315.8444,3.38e+04,B,100500.0,33800.0,NIST,0.0459,0.1079,0.0791,ARC model potential,1073.246,0.1483
5S1/2,10P1/2,315.9173,315.8259,948.95855,31653.85,315.9178,315.9173,315.9173,2.01e+04,B,64520.0,20100.0,NIST,0.025,0.075,0.0448,ARC model potential,1162.359,0.1369
5S1/2,9P3/2,322.8911,322.7979,928.46294,30970.19,322.8909,322.8911,322.8911,6.40e+04,C+,170600.0,64000.0,NIST,0.0652,0.1202,0.1065,ARC model potential,704.65,0.2259
5S1/2,9P1/2,323.0088,322.9156,928.12477,30958.91,323.0085,323.0088,323.0088,3.84e+04,C+,112200.0,38400.0,NIST,0.0357,0.0859,0.0611,ARC model potential,765.194,0.208
5S1/2,8P3/2,334.9658,334.8696,894.99411,29853.79,334.9626,334.9658,334.9659,1.37e+05,B,166100.0,137000.0,NIST,0.1008,0.0808,0.111,"literature: Physical Review A, 60 4476 (1999)",486.705,0.327
5S1/2,8P1/2,335.1775,335.0812,894.429,29834.94,335.1742,335.1775,335.1775,8.91e+04,C+,93650.0,89100.0,NIST,0.0575,0.0493,0.059,"literature: Physical Review A, 60 4476 (1999)",526.533,0.3023
5S1/2,7P3/2,358.8073,358.705,835.52488,27870.11,358.8073,358.8074,358.8074,3.96e+05,B+,447400.0,396000.0,NIST,0.19,0.1209,0.202,"literature: Physical Review A, 60 4476 (1999)",270.3,0.5888
5S1/2,7P1/2,359.2597,359.1572,834.47291,27835.02,359.2597,359.2597,359.2597,2.89e+05,B,288900.0,289000.0,NIST,0.115,0.0851,0.115,"literature: Physical Review A, 60 4476 (1999)",294.669,0.5401
5S1/2,6P3/2,420.2989,420.1805,713.28393,23792.591,420.2989,420.2989,420.2976,1.77e+06,B+,1997000.0,1770000.0,NIST,0.5094,0.2359,0.541,"literature: Physical Review A, 60 4476 (1999)",118.143,1.347
5S1/2,6P1/2,421.6726,421.5539,710.96024,23715.081,421.6726,421.6726,421.6711,1.50e+06,B,1498000.0,1500000.0,NIST,0.3332,0.1937,0.333,"literature: Physical Review A, 60 4476 (1999)",129.295,1.231
5P1/2,10S1/2,532.3855,532.2374,563.1116,18783.381,532.3847,532.3855,532.38606,,,405500.0,405500.0,ARC,0.2458,0.1707,0.2458,ARC model potential,420.944,0.3781
5P1/2,8D3/2,536.409,536.2599,558.88779,18642.49,536.4249,536.409,536.40926,,,1147000.0,1147000.0,ARC,0.5913,0.5825,0.5913,ARC model potential,507.617,0.3135
5P3/2,10S1/2,539.206,539.0562,555.98868,18545.786,539.2052,539.2061,539.20667,,,772700.0,772700.0,ARC,0.3458,0.3253,0.3458,ARC model potential,420.944,0.3781
5P3/2,8D5/2,543.3038,543.1528,551.79524,18405.908,543.3179,543.3038,543.30418,,,1442000.0,1442000.0,ARC,0.8276,0.702,0.8276,ARC model potential,486.827,0.3269
5P3/2,8D3/2,543.3337,543.1827,551.76487,18404.895,543.35,543.3337,543.33403,,,242700.0,242700.0,ARC,0.2773,0.1232,0.2773,ARC model potential,507.617,0.3135
5P1/2,9S1/2,558.0332,557.8783,537.23051,17920.081,558.0298,558.0332,558.03371,,,655800.0,655800.0,ARC,0.3354,0.1758,0.3354,ARC model potential,268.027,0.5938
5P1/2,7D3/2,564.9346,564.7779,530.66752,17701.163,564.9346,564.9346,564.93410,,,1644000.0,1644000.0,ARC,0.765,0.6252,0.765,ARC model potential,380.285,0.4185
5P3/2,9S1/2,565.5313,565.3744,530.10759,17682.486,565.5278,565.5313,565.53191,,,1250000.0,1250000.0,ARC,0.4723,0.3349,0.4723,ARC model potential,268.027,0.5938
5P3/2,7D5/2,572.5713,572.4125,523.58978,17465.075,572.5713,572.5713,572.57087,,,2085000.0,2085000.0,ARC,1.0766,0.7553,1.0766,ARC model potential,362.228,0.4394
5P3/2,7D3/2,572.6207,572.4619,523.5446,17463.568,572.6207,572.6206,572.62024,,,350900.0,350900.0,ARC,0.3607,0.1334,0.3607,ARC model potential,380.285,0.4185
5P1/2,8S1/2,607.2432,607.0751,493.6942,16467.866,607.2262,607.2432,607.24355,,,1149000.0,1149000.0,ARC,0.504,0.1853,0.504,"literature: Physical Review A, 69 022509 (2004)",161.235,0.9871
5P3/2,8S1/2,616.1327,615.9622,486.57128,16230.271,616.1151,616.1327,616.13310,,,2184000.0,2184000.0,ARC,0.71,0.3521,0.71,"literature: Physical Review A, 69 022509 (2004)",161.235,0.9871
5P1/2,6D3/2,620.8027,620.631,482.911,16108.177,620.8027,620.8027,620.80263,2.948e+06,,2948000.0,2948000.0,NIST,1.18,0.6976,1.18,"literature: Physical Review A, 69 022509 (2004)",236.635,0.6726
5P3/2,6D5/2,630.0068,629.8326,475.85592,15872.845,630.0068,630.0068,630.00670,3.712e+06,,3712000.0,3712000.0,NIST,1.6579,0.8435,1.658,"literature: Physical Review A, 69 022509 (2004)",227.222,0.7004
5P3/2,6D3/2,630.0966,629.9224,475.78808,15870.582,630.0966,630.0966,630.09666,6.30e+05,,630500.0,630000.0,NIST,0.5578,0.1492,0.558,"literature: Physical Review A, 69 022509 (2004)",236.635,0.6726
5P1/2,7S1/2,728.2002,727.9996,411.6896,13732.487,728.2002,728.2002,728.20028,,,2388000.0,2388000.0,ARC,0.954,0.2109,0.954,"literature: Physical Review A, 69 022509 (2004)",88.32,1.802
5P3/2,7S1/2,741.0211,740.8171,404.56668,13494.892,741.0211,741.0211,741.02136,,,4551000.0,4551000.0,ARC,1.352,0.4019,1.352,"literature: Physical Review A, 69 022509 (2004)",88.32,1.802
5P1/2,5D3/2,762.103,761.8932,393.37525,13121.586,762.103,762.103,762.10304,,,2988000.0,2988000.0,ARC,1.616,0.8166,1.616,"literature: Physical Review A, 69 022509 (2004)",273.266,0.5824
5P3/2,5D5/2,775.9786,775.7651,386.34113,12886.953,775.9786,775.9787,775.97855,,,3937000.0,3937000.0,ARC,2.334,1.0,2.334,"literature: Physical Review A, 69 022509 (2004)",253.999,0.6266
5P3/2,5D3/2,776.157,775.9435,386.25233,12883.991,776.157,776.157,776.15716,,,671000.0,671000.0,ARC,0.787,0.1834,0.787,"literature: Physical Review A, 69 022509 (2004)",273.266,0.5824
5S1/2,5P3/2,780.2415,780.0268,384.23035,12816.545,780.2415,780.2415,780.2414,3.812e+07,AAA,38110000.0,38120000.0,NIST,5.9788,1.0,5.9783,literature: Rubidium 8x D Line Data,26.238,6.066
5S1/2,5P1/2,794.9789,794.7603,377.10743,12578.95,794.9789,794.9789,794.9789,3.614e+07,AAA,36110000.0,36140000.0,NIST,4.2336,1.0,4.2321,literature: Rubidium 8x D Line Data,27.69,5.748
4D5/2,10P3/2,812.6146,812.3912,368.92331,12305.957,812.6198,812.6145,,,,106900.0,106900.0,ARC,0.3366,0.1148,0.3366,ARC model potential,1073.246,0.1483
4D3/2,10P3/2,812.644,812.4206,368.90994,12305.511,812.6493,812.6441,,,,11880.0,11880.0,ARC,0.1122,0.0128,0.1122,ARC model potential,1073.246,0.1483
4D3/2,10P1/2,813.1271,812.9035,368.69079,12298.201,813.1299,813.1272,,,,117500.0,117500.0,ARC,0.2497,0.1366,0.2497,ARC model potential,1162.359,0.1369
4D5/2,7F5/2,827.3675,827.1402,362.34496,12086.527,827.3675,827.3675,,,,180200.0,180200.0,ARC,0.5498,0.0476,0.5498,ARC model potential,264.26,0.6023
4D5/2,7F7/2,827.3684,827.141,362.3446,12086.515,827.3683,827.3683,827.3684,,,2703000.0,2703000.0,ARC,2.4586,0.7137,2.4586,ARC model potential,264.027,0.6028
4D3/2,7F5/2,827.3981,827.1707,362.33159,12086.081,827.398,827.3982,827.3981,,,2523000.0,2523000.0,ARC,2.057,0.6666,2.057,ARC model potential,264.26,0.6023
4D5/2,9P3/2,860.9566,860.7202,348.20855,11614.987,860.9549,860.9565,,,,172500.0,172500.0,ARC,0.4662,0.1216,0.4662,ARC model potential,704.65,0.2259
4D3/2,9P3/2,860.9897,860.7532,348.19518,11614.541,860.988,860.9897,,,,19170.0,19170.0,ARC,0.1554,0.0135,0.1554,ARC model potential,704.65,0.2259
4D3/2,9P1/2,861.8267,861.59,347.85701,11603.261,861.8245,861.8268,,,,189500.0,189500.0,ARC,0.346,0.145,0.346,ARC model potential,765.194,0.208
6S1/2,10P3/2,867.4042,867.1661,345.62023,11528.65,867.4102,867.4043,,,,53320.0,53320.0,ARC,0.2621,0.0572,0.2621,ARC model potential,1073.246,0.1483
6S1/2,10P1/2,867.9546,867.7163,345.40108,11521.34,867.9578,867.9547,,,,39590.0,39590.0,ARC,0.1599,0.046,0.1599,ARC model potential,1162.359,0.1369
4D5/2,6F5/2,887.093,886.8495,337.94929,11272.775,887.093,887.0929,,,,293900.0,293900.0,ARC,0.7795,0.0508,0.7795,ARC model potential,172.675,0.9217
4D5/2,6F7/2,887.0943,886.8508,337.94881,11272.759,887.0943,887.0943,887.0947,,,4409000.0,4409000.0,ARC,3.4861,0.7608,3.4861,ARC model potential,172.545,0.9224
4D3/2,6F5/2,887.1281,886.8846,337.93592,11272.329,887.1281,887.1281,887.1287,,,4115000.0,4115000.0,ARC,2.9167,0.7105,2.9167,ARC model potential,172.675,0.9217
6S1/2,9P3/2,922.7067,922.4535,324.90547,10837.68,922.7048,922.7068,922.717,,,95190.0,95190.0,ARC,0.3842,0.0671,0.3842,ARC model potential,704.65,0.2259
6S1/2,9P1/2,923.6681,923.4147,324.56731,10826.4,923.6656,923.6682,923.678,,,72420.0,72420.0,ARC,0.2374,0.0554,0.2374,ARC model potential,765.194,0.208
4D5/2,8P3/2,952.5091,952.2479,314.73972,10498.587,952.4827,952.509,952.526,,,309000.0,309000.0,ARC,0.726,0.1504,0.726,"literature: Physical Review A, 69 022509 (2004)",486.705,0.327
4D3/2,8P3/2,952.5496,952.2884,314.72635,10498.141,952.5231,952.5496,952.566,,,34330.0,34330.0,ARC,0.242,0.0167,0.242,"literature: Physical Review A, 69 022509 (2004)",486.705,0.327
4D3/2,8P1/2,954.263,954.0013,314.16124,10479.291,954.2362,954.2631,954.280,,,341200.0,341200.0,ARC,0.541,0.1797,0.541,"literature: Physical Review A, 69 022509 (2004)",526.533,0.3023
4D5/2,5F5/2,1007.802,1007.5258,297.47158,9922.584,1007.8019,1007.802,,,,531700.0,531700.0,ARC,1.2695,0.0562,1.2695,ARC model potential,105.732,1.505
4D5/2,5F7/2,1007.8039,1007.5277,297.47102,9922.565,1007.8039,1007.8038,1007.8044,,,7975000.0,7975000.0,ARC,5.6774,0.8428,5.6774,ARC model potential,105.676,1.506
4D3/2,5F5/2,1007.8473,1007.5711,297.45821,9922.138,1007.8472,1007.8475,1007.8470,,,7443000.0,7443000.0,ARC,4.7502,0.787,4.7502,ARC model potential,105.732,1.505
6S1/2,8P3/2,1028.6711,1028.3893,291.43664,9721.28,1028.6403,1028.6711,,,,183500.0,183500.0,ARC,0.628,0.0893,0.628,"literature: Physical Review A, 60 4476 (1999)",486.705,0.327
6S1/2,8P1/2,1030.6696,1030.3872,290.87153,9702.43,1030.6383,1030.6697,,,,142900.0,142900.0,ARC,0.393,0.0753,0.393,"literature: Physical Review A, 60 4476 (1999)",526.533,0.3023
4D5/2,7P3/2,1174.4109,1174.0896,255.27049,8514.907,1174.411,1174.411,,,,622600.0,622600.0,ARC,1.411,0.1683,1.411,"literature: Physical Review A, 69 022509 (2004)",270.3,0.5888
4D3/2,7P3/2,1174.4725,1174.1511,255.25712,8514.461,1174.4725,1174.4727,,,,69070.0,69070.0,ARC,0.47,0.0187,0.47,"literature: Physical Review A, 69 022509 (2004)",270.3,0.5888
4D3/2,7P1/2,1179.3328,1179.01,254.20515,8479.371,1179.3328,1179.333,,,,686100.0,686100.0,ARC,1.054,0.2022,1.054,"literature: Physical Review A, 69 022509 (2004)",294.669,0.5401
6S1/2,7P3/2,1292.3904,1292.037,231.96741,7737.6,1292.3905,1292.3908,,,,556500.0,556500.0,ARC,1.54,0.1504,1.54,"literature: Physical Review A, 60 4476 (1999)",270.3,0.5888
6S1/2,7P1/2,1298.2781,1297.9231,230.91544,7702.51,1298.2781,1298.2784,,,,462000.0,462000.0,ARC,0.999,0.1361,0.999,"literature: Physical Review A, 60 4476 (1999)",294.669,0.5401
6P1/2,10S1/2,1307.6596,1307.302,229.25879,7647.25,1307.6545,1307.6598,,,,167400.0,167400.0,ARC,0.6079,0.0705,0.6079,ARC model potential,420.944,0.3781
6P3/2,10S1/2,1321.0493,1320.6881,226.9351,7569.74,1321.0441,1321.0495,,,,314700.0,314700.0,ARC,0.8463,0.1325,0.8463,ARC model potential,420.944,0.3781
5P1/2,6S1/2,1323.8791,1323.5171,226.45003,7553.56,1323.8791,1323.8789,1323.879,,,7408000.0,7408000.0,ARC,4.119,0.3406,4.119,"literature: Physical Review A, 60 4476 (1999)",45.976,3.462
6P1/2,8D3/2,1332.2038,1331.8396,225.03498,7506.359,1332.3014,1332.2037,,,,210000.0,210000.0,ARC,0.9902,0.1066,0.9902,ARC model potential,507.617,0.3135
4D5/2,4F5/2,1344.6436,1344.276,222.9531,7436.915,1344.6435,1344.6435,,,,1127000.0,1127000.0,ARC,2.8481,0.0655,2.8481,ARC model potential,58.117,2.739
4D5/2,4F7/2,1344.6483,1344.2807,222.95232,7436.889,1344.6482,1344.6483,1344.649,,,16900000.0,16900000.0,ARC,12.7371,0.9823,12.7371,ARC model potential,58.124,2.738
4D3/2,4F5/2,1344.7242,1344.3566,222.93973,7436.469,1344.7241,1344.7245,1344.725,,,15770000.0,15770000.0,ARC,10.6574,0.9167,10.6574,ARC model potential,58.117,2.739
6P3/2,8D5/2,1345.92,1345.5521,222.74166,7429.862,1346.0066,1345.9201,,,,278700.0,278700.0,ARC,1.4187,0.1357,1.4187,ARC model potential,486.827,0.3269
6P3/2,8D3/2,1346.1035,1345.7355,222.71129,7428.849,1346.2032,1346.1034,,,,47170.0,47170.0,ARC,0.4767,0.0239,0.4767,ARC model potential,507.617,0.3135
5P3/2,6S1/2,1366.8737,1366.5,219.32711,7315.965,1366.8737,1366.8735,1366.875,,,14340000.0,14340000.0,ARC,6.013,0.6594,6.013,"literature: Physical Review A, 60 4476 (1999)",45.976,3.462
6P1/2,9S1/2,1474.0675,1473.6647,203.3777,6783.95,1474.0435,1474.0675,,,,278600.0,278600.0,ARC,0.9385,0.0747,0.9385,ARC model potential,268.027,0.5938
5P1/2,4D3/2,1475.6447,1475.2415,203.16033,6776.699,1475.6447,1475.6445,1475.644,,,9707000.0,9707000.0,ARC,7.847,0.8454,7.847,"literature: Physical Review A, 69 022509 (2004)",87.097,1.827
6P3/2,9S1/2,1491.1041,1490.6966,201.05401,6706.44,1491.0795,1491.104,,,,524000.0,524000.0,ARC,1.3095,0.1405,1.3095,ARC model potential,268.027,0.5938
6P1/2,7D3/2,1523.2218,1522.8057,196.81471,6565.032,1523.2219,1523.2217,,,,240000.0,240000.0,ARC,1.2939,0.0913,1.2939,ARC model potential,380.285,0.4185
5P3/2,4D3/2,1529.2615,1528.8437,196.03741,6539.104,1529.2616,1529.2613,1529.261,,,1775000.0,1775000.0,ARC,3.54,0.1546,3.54,"literature: Physical Review A, 69 022509 (2004)",87.097,1.827
5P3/2,4D5/2,1529.3658,1528.948,196.02404,6538.658,1529.3659,1529.366,1529.366,,,10680000.0,10680000.0,ARC,10.634,1.0,10.634,"literature: Physical Review A, 69 022509 (2004)",93.675,1.699
6P3/2,7D5/2,1541.0626,1540.6416,194.5362,6489.029,1541.0625,1541.0627,,,,328300.0,328300.0,ARC,1.8863,0.1189,1.8863,ARC model potential,362.228,0.4394
6P3/2,7D3/2,1541.4206,1540.9995,194.49102,6487.522,1541.4206,1541.4203,,,,55610.0,55610.0,ARC,0.6341,0.0211,0.6341,ARC model potential,380.285,0.4185
5D3/2,10P3/2,1677.6767,1677.2185,178.69501,5960.624,1677.6992,1677.6768,,,,14250.0,14250.0,ARC,0.3645,0.0153,0.3645,ARC model potential,1073.246,0.1483
5D5/2,10P3/2,1678.5108,1678.0524,178.60621,5957.662,1678.5332,1678.5105,,,,128200.0,128200.0,ARC,1.0941,0.1376,1.0941,ARC model potential,1073.246,0.1483
5D3/2,10P1/2,1679.7367,1679.278,178.47586,5953.314,1679.7488,1679.737,,,,141900.0,141900.0,ARC,0.8148,0.165,0.8148,ARC model potential,1162.359,0.1369
5D3/2,7F5/2,1741.798,1741.3224,172.11667,5741.194,1741.798,1741.7983,,,,755200.0,755200.0,ARC,3.4378,0.1996,3.4378,ARC model potential,264.26,0.6023
5D5/2,7F5/2,1742.6971,1742.2212,172.02787,5738.232,1742.697,1742.697,,,,54010.0,54010.0,ARC,0.9201,0.0143,0.9201,ARC model potential,264.26,0.6023
5D5/2,7F7/2,1742.7007,1742.2249,172.02751,5738.22,1742.7007,1742.7003,,,,810300.0,810300.0,ARC,4.1149,0.2139,4.1149,ARC model potential,264.027,0.6028
7S1/2,10P3/2,1869.2557,1868.7454,160.38066,5349.723,1869.2834,1869.2558,,,,37460.0,37460.0,ARC,0.695,0.0402,0.695,ARC model potential,1073.246,0.1483
7S1/2,10P1/2,1871.8134,1871.3024,160.16151,5342.413,1871.8282,1871.8137,,,,29730.0,29730.0,ARC,0.4387,0.0346,0.4387,ARC model potential,1162.359,0.1369
6P1/2,8S1/2,1875.5621,1875.0501,159.84139,5331.735,1875.3994,1875.5622,,,,527400.0,527400.0,ARC,1.853,0.085,1.853,"literature: Physical Review A, 69 022509 (2004)",161.235,0.9871
5D3/2,9P3/2,1897.6578,1897.1398,157.98025,5269.654,1897.6499,1897.6578,,,,23510.0,23510.0,ARC,0.5632,0.0166,0.5632,ARC model potential,704.65,0.2259
5D5/2,9P3/2,1898.725,1898.2067,157.89145,5266.692,1898.717,1898.7246,,,,211500.0,211500.0,ARC,1.6907,0.149,1.6907,ARC model potential,704.65,0.2259
5D3/2,9P1/2,1901.7286,1901.2094,157.64209,5258.374,1901.7181,1901.7289,,,,234200.0,234200.0,ARC,1.2609,0.1792,1.2609,ARC model potential,765.194,0.208
6P3/2,8S1/2,1903.2303,1902.7107,157.5177,5254.225,1903.0627,1903.2303,,,,993600.0,993600.0,ARC,2.6,0.1602,2.6,"literature: Physical Review A, 69 022509 (2004)",161.235,0.9871
