lower,upper,kind,wavelength_vac_nm,wavelength_air_nm,frequency_THz,frequency_source,wavenumber_cm,rme_J_ea0,rme_tier,rme_source,A_s,A_tier,branching,upper_linewidth_MHz,nist_observed_vac_nm,use,type,rme_source_url
4s24p5 2P°3/2,4s4p6 2S1/2,E1,117.8889,,2543.00751,NIST ASD level energies,84825.6,0.09851,nist,NIST ASD (accuracy E) (from A),6000000.0,nist,,,117.8895,,E1,https://physics.nist.gov/asd
4s24p5 2P°3/2,4s24p45p 2[1]°3/2,forbidden,126.2972,,2373.70662,NIST ASD level energies,79178.33,,,,,,,5.151,,"TALIF detection of ground-state Br: 2 x 252.594 nm, fluorescence at 635.25 nm to (5s) 4P5/2 (63436.45 cm^-1)",two-photon,
4s24p5 2P°3/2,4s24p45p 2[1]°3/2,forbidden,130.3049,,2300.69966,NIST ASD level energies,76743.08,,,,,,,,,two-photon LIF scheme near 260.6 nm with fluorescence 5p 4D°3/2 -> 5s 2[2]3/2 (4P3/2) at 844.9 nm,two-photon,
4s24p5 2P°3/2,4s24p45s 2[2]3/2,E1,131.7375,,2275.68048,NIST ASD level energies,75908.53,0.3555,nist,NIST ASD (accuracy E) (from A),28000000.0,nist,,,131.7372,,E1,https://physics.nist.gov/asd
4s24p5 2P°3/2,4s24p45s 2[2]5/2,E1,131.7691,,2275.13486,NIST ASD level energies,75890.33,2.603,nist,NIST ASD (accuracy E) (from A),1000000000.0,nist,,,131.7695,,E1,https://physics.nist.gov/asd
4s24p5 2P°1/2,4s24p45s 2[2]3/2,E1,138.4595,,2165.19976,NIST ASD level energies,72223.29,1.619,nist,NIST ASD (accuracy E) (from A),500000000.0,nist,,,138.4598,,E1,https://physics.nist.gov/asd
4s24p5 2P°3/2,4s24p45s 2[0]1/2,E1,144.9901,,2067.67488,NIST ASD level energies,68970.21,1.646,nist,NIST ASD (accuracy E) (from A),900000000.0,nist,,,144.9903,,E1,https://physics.nist.gov/asd
4s24p5 2P°3/2,4s24p45s 2[1]3/2,E1,148.8459,,2014.11306,NIST ASD level energies,67183.58,1.141,nist,NIST ASD (accuracy D+) (from A),200000000.0,nist,,,148.8452,,E1,https://physics.nist.gov/asd
4s24p5 2P°1/2,4s24p45s 2[0]1/2,E1,153.1746,,1957.19416,NIST ASD level energies,65284.97,1.459,nist,NIST ASD (accuracy E) (from A),600000000.0,nist,,,153.1743,,E1,https://physics.nist.gov/asd
4s24p5 2P°3/2,4s24p45s 2[2]3/2,E1,154.0661,,1945.8686,NIST ASD level energies,64907.19,1.26,nist,NIST ASD (accuracy D+) (from A),220000000.0,nist,,,154.0654,,E1,https://physics.nist.gov/asd
4s24p5 2P°1/2,4s24p45s 2[1]3/2,E1,157.4844,,1903.63234,NIST ASD level energies,63498.34,0.3927,nist,NIST ASD (accuracy D+) (from A),20000000.0,nist,,,157.4841,,E1,https://physics.nist.gov/asd
4s24p5 2P°3/2,4s24p45s 2[2]5/2,E1,157.6381,,1901.77693,NIST ASD level energies,63436.45,0.2571,nist,NIST ASD (accuracy D+) (from A),5700000.0,nist,,,157.6387,,E1,https://physics.nist.gov/asd
4s24p5 2P°1/2,4s24p45s 2[1]1/2,E1,158.2313,,1894.64726,NIST ASD level energies,63198.63,0.4422,nist,NIST ASD (accuracy E) (from A),50000000.0,nist,,,158.2312,,E1,https://physics.nist.gov/asd
4s24p5 2P°1/2,4s24p45s 2[2]3/2,E1,163.3401,,1835.38789,NIST ASD level energies,61221.95,0.4448,nist,NIST ASD (accuracy D+) (from A),23000000.0,nist,,,163.3404,,E1,https://physics.nist.gov/asd
4s24p45s 2[1]1/2,4s24p47p 2[1]°3/2,E1,436.6372,436.5145,686.59398,NIST ASD level energies,22902.31,0.4965,nist,NIST ASD (accuracy D+) (from A),1500000.0,nist,,,436.6366,,E1,https://physics.nist.gov/asd
4s24p45s 2[2]3/2,4s24p45p 2[1]°1/2,E1,442.6377,442.5134,677.28632,NIST ASD level energies,22591.84,0.2776,nist,NIST ASD (accuracy D+) (from A),900000.0,nist,,,442.6383,,E1,https://physics.nist.gov/asd
4s24p45s 2[2]5/2,4s24p46p 2[1]°3/2,E1,444.2981,444.1734,674.75518,NIST ASD level energies,22507.41,0.5096,nist,NIST ASD (accuracy C) (from A),1500000.0,nist,,,444.2987,,E1,https://physics.nist.gov/asd
4s24p45s 2[2]3/2,4s24p45p 2[1]°3/2,E1,447.3853,447.2597,670.0991,NIST ASD level energies,22352.1,0.6236,nist,NIST ASD (accuracy D) (from A),2200000.0,nist,,,447.3864,,E1,https://physics.nist.gov/asd
4s24p45s 2[2]5/2,4s24p46p 2[3]°7/2,E1,447.8976,447.772,669.33253,NIST ASD level energies,22326.53,0.8632,nist,NIST ASD (accuracy C) (from A),2100000.0,nist,,,447.8976,,E1,https://physics.nist.gov/asd
4s24p45s 2[1]1/2,4s24p46p 2[1]°1/2,E1,449.1671,449.0411,667.44084,NIST ASD level energies,22263.43,0.3783,nist,NIST ASD (accuracy E) (from A),1600000.0,nist,,,449.1679,,E1,https://physics.nist.gov/asd
4s24p45s 2[2]5/2,4s24p46p 2[2]°3/2,E1,451.4703,451.3437,664.0358,NIST ASD level energies,22149.85,0.3218,nist,NIST ASD (accuracy D+) (from A),570000.0,nist,,,451.4705,,E1,https://physics.nist.gov/asd
4s24p45s 2[2]5/2,4s24p46p 2[2]°5/2,E1,452.6859,452.559,662.25263,NIST ASD level energies,22090.37,0.6419,nist,NIST ASD (accuracy D+) (from A),1500000.0,nist,,,452.6859,,E1,https://physics.nist.gov/asd
4s24p45s 2[1]3/2,4s24p45p 2[1]°3/2,E1,498.1144,497.9754,601.85464,NIST ASD level energies,20075.71,0.3596,nist,NIST ASD (accuracy D+) (from A),530000.0,nist,,,498.1148,,E1,https://physics.nist.gov/asd
4s24p45s 2[1]3/2,4s24p46p 2[3]°5/2,E1,536.5685,536.4193,558.72171,NIST ASD level energies,18636.95,0.1152,nist,NIST ASD (accuracy E) (from A),29000.0,nist,,,536.5682,,E1,https://physics.nist.gov/asd
4s24p45s 2[1]3/2,4s24p46p 2[1]°1/2,E1,537.1836,537.0342,558.08195,NIST ASD level energies,18615.61,0.08747,nist,NIST ASD (accuracy E) (from A),50000.0,nist,,,537.1833,,E1,https://physics.nist.gov/asd
4s24p45s 2[2]5/2,4s24p45p 2[1]°3/2,E1,635.2481,635.0725,471.92969,NIST ASD level energies,15741.88,1.055,nist,NIST ASD (accuracy C) (from A),2200000.0,nist,0.068,5.151,635.2486,635.25 nm fluorescence line used to detect Br atoms after two-photon excitation at 2 x 252.594 nm (TALIF in HBr plasmas),E1,https://physics.nist.gov/asd
4s24p45s 2[2]5/2,4s24p45p 2[2]°3/2,E1,656.1594,655.9782,456.8897,NIST ASD level energies,15240.2,0.6248,nist,NIST ASD (accuracy C) (from A),700000.0,nist,,,656.1611,,E1,https://physics.nist.gov/asd
4s24p45s 2[2]5/2,4s24p45p 2[2]°5/2,E1,663.3433,663.1602,451.94163,NIST ASD level energies,15075.15,0.7779,nist,NIST ASD (accuracy C) (from A),700000.0,nist,,,663.345,,E1,https://physics.nist.gov/asd
4s24p45s 2[2]3/2,4s24p45p 2[1]°3/2,E1,700.7149,700.5217,427.83801,NIST ASD level energies,14271.14,1.709,nist,NIST ASD (accuracy C) (from A),4300000.0,nist,0.1329,5.151,700.7124,,E1,https://physics.nist.gov/asd
4s24p45s 2[2]3/2,4s24p45p 2[2]°3/2,E1,726.2449,726.0448,412.79803,NIST ASD level energies,13769.46,0.6508,nist,NIST ASD (accuracy C) (from A),560000.0,nist,,,726.2449,,E1,https://physics.nist.gov/asd
4s24p45s 2[2]3/2,4s24p45p 2[2]°5/2,E1,735.0558,734.8533,407.84995,NIST ASD level energies,13604.41,2.351,nist,NIST ASD (accuracy C) (from A),4700000.0,nist,,,735.0536,,E1,https://physics.nist.gov/asd
4s24p45s 2[1]3/2,4s24p45p 2[1]°3/2,E1,799.2129,798.9932,375.10962,NIST ASD level energies,12512.31,1.768,nist,NIST ASD (accuracy C) (from A),3100000.0,nist,,,799.2136,,E1,https://physics.nist.gov/asd
4s24p45s 2[1]1/2,4s24p45p 2[1]°3/2,E1,813.3745,813.1509,368.57864,NIST ASD level energies,12294.46,2.305,nist,NIST ASD (accuracy C) (from A),5000000.0,nist,0.1545,5.151,813.3758,,E1,https://physics.nist.gov/asd
4s24p45s 2[2]5/2,4s24p45p 2[3]°7/2,E1,827.4686,827.2413,362.30068,NIST ASD level energies,12085.05,8.849,nist,NIST ASD (accuracy C+) (from A),35000000.0,nist,,,827.4714,,E1,https://physics.nist.gov/asd
4s24p45s 2[1]3/2,4s24p45p 2[1]°3/2,E1,833.6981,833.469,359.59356,NIST ASD level energies,11994.75,4.129,nist,NIST ASD (accuracy C+) (from A),14900000.0,nist,0.4604,5.151,833.6988,,E1,https://physics.nist.gov/asd
4s24p45s 2[1]1/2,4s24p45p 2[1]°1/2,E1,834.5957,834.3663,359.20683,NIST ASD level energies,11981.85,4.285,nist,NIST ASD (accuracy C+) (from A),32000000.0,nist,,,834.5991,,E1,https://physics.nist.gov/asd
4s24p45s 2[2]3/2,4s24p45p 2[1]°3/2,E1,844.8879,844.6558,354.83106,NIST ASD level energies,11835.89,5.774,nist,NIST ASD (accuracy D) (from A),28000000.0,nist,,,844.8872,,E1,https://physics.nist.gov/asd
4s24p45s 2[1]1/2,4s24p45p 2[2]°3/2,E1,847.9765,847.7435,353.53865,NIST ASD level energies,11792.78,5.262,nist,NIST ASD (accuracy C+) (from A),23000000.0,nist,,,847.9779,,E1,https://physics.nist.gov/asd
4s24p45s 2[2]5/2,4s24p45p 2[2]°3/2,E1,864.1041,863.8668,346.94022,NIST ASD level energies,11572.68,5.294,nist,NIST ASD (accuracy C+) (from A),22000000.0,nist,,,864.1033,,E1,https://physics.nist.gov/asd
4s24p45s 2[1]3/2,4s24p45p 2[2]°3/2,E1,870.0895,869.8506,344.55357,NIST ASD level energies,11493.07,5.587,nist,NIST ASD (accuracy C+) (from A),24000000.0,nist,,,870.0918,,E1,https://physics.nist.gov/asd
4s24p45s 2[2]5/2,4s24p45p 2[3]°7/2,E1,882.2364,881.9942,339.80965,NIST ASD level energies,11334.83,9.019,nist,NIST ASD (accuracy C+) (from A),30000000.0,nist,,,882.238,,E1,https://physics.nist.gov/asd
4s24p45s 2[1]3/2,4s24p45p 2[2]°5/2,E1,882.7668,882.5245,339.6055,NIST ASD level energies,11328.02,7.818,nist,NIST ASD (accuracy C+) (from A),30000000.0,nist,,,882.7644,,E1,https://physics.nist.gov/asd
4s24p45s 2[2]5/2,4s24p45p 2[2]°5/2,E1,890.0067,889.7624,336.84291,NIST ASD level energies,11235.87,7.914,nist,NIST ASD (accuracy C+) (from A),30000000.0,nist,,,890.006,,E1,https://physics.nist.gov/asd
4s24p45s 2[1]1/2,4s24p45p 2[0]°1/2,E1,893.485,893.2397,335.53162,NIST ASD level energies,11192.13,1.477,nist,NIST ASD (accuracy D) (from A),3100000.0,nist,,,893.4849,,E1,https://physics.nist.gov/asd
4s24p45s 2[2]3/2,4s24p45p 2[1]°1/2,E1,916.8584,916.6068,326.97794,NIST ASD level energies,10906.81,4.856,nist,NIST ASD (accuracy C+) (from A),31000000.0,nist,,,916.8576,,E1,https://physics.nist.gov/asd
4s24p45s 2[1]3/2,4s24p45p 2[0]°1/2,E1,918.0696,917.8177,326.54654,NIST ASD level energies,10892.42,4.625,nist,NIST ASD (accuracy C+) (from A),28000000.0,nist,,,918.068,,E1,https://physics.nist.gov/asd
4s24p45s 2[2]3/2,4s24p45p 2[3]°5/2,E1,926.7961,926.5418,323.47187,NIST ASD level energies,10789.86,7.522,nist,NIST ASD (accuracy C+) (from A),24000000.0,nist,,,926.7961,,E1,https://physics.nist.gov/asd
